DATE,States,Description,Values
1/1/2004,California,Personal consumption expenditures,1044324
1/1/2005,California,Personal consumption expenditures,1112785.6
1/1/2006,California,Personal consumption expenditures,1180190.2
1/1/2007,California,Personal consumption expenditures,1243263.1
1/1/2008,California,Personal consumption expenditures,1267011.9
1/1/2009,California,Personal consumption expenditures,1226944.4
1/1/2010,California,Personal consumption expenditures,1279143.2
1/1/2011,California,Personal consumption expenditures,1340571.7
1/1/2012,California,Personal consumption expenditures,1395324.9
1/1/2013,California,Personal consumption expenditures,1432059.1
1/1/2014,California,Personal consumption expenditures,1503993.9
1/1/2015,California,Personal consumption expenditures,1589634.6
1/1/2016,California,Personal consumption expenditures,1667745.6
1/1/2017,California,Personal consumption expenditures,1759402.1
1/1/2018,California,Personal consumption expenditures,1852976.3
1/1/2019,California,Personal consumption expenditures,1947589.8
1/1/2004,California,  Goods,349326.7
1/1/2005,California,  Goods,371335.8
1/1/2006,California,  Goods,389488.9
1/1/2007,California,  Goods,404208.6
1/1/2008,California,  Goods,395989.5
1/1/2009,California,  Goods,362781.6
1/1/2010,California,  Goods,379269.1
1/1/2011,California,  Goods,403858.1
1/1/2012,California,  Goods,421893.1
1/1/2013,California,  Goods,429866.8
1/1/2014,California,  Goods,449223.8
1/1/2015,California,  Goods,462450.6
1/1/2016,California,  Goods,474011.3
1/1/2017,California,  Goods,498262.3
1/1/2018,California,  Goods,524279.9
1/1/2019,California,  Goods,546820.3
1/1/2004,California,    Durable goods,140017.8
1/1/2005,California,    Durable goods,148070.8
1/1/2006,California,    Durable goods,152494.7
1/1/2007,California,    Durable goods,154107.1
1/1/2008,California,    Durable goods,138560
1/1/2009,California,    Durable goods,122719.3
1/1/2010,California,    Durable goods,127402.5
1/1/2011,California,    Durable goods,133107.7
1/1/2012,California,    Durable goods,140574.4
1/1/2013,California,    Durable goods,143687.9
1/1/2014,California,    Durable goods,150405.7
1/1/2015,California,    Durable goods,161063.3
1/1/2016,California,    Durable goods,165115.4
1/1/2017,California,    Durable goods,174247.5
1/1/2018,California,    Durable goods,183684.5
1/1/2019,California,    Durable goods,191189.7
1/1/2004,California,      Motor vehicles and parts,47751.5
1/1/2005,California,      Motor vehicles and parts,48996.1
1/1/2006,California,      Motor vehicles and parts,46946.2
1/1/2007,California,      Motor vehicles and parts,45552
1/1/2008,California,      Motor vehicles and parts,37546.9
1/1/2009,California,      Motor vehicles and parts,32507.3
1/1/2010,California,      Motor vehicles and parts,34239.2
1/1/2011,California,      Motor vehicles and parts,37141.5
1/1/2012,California,      Motor vehicles and parts,41535.6
1/1/2013,California,      Motor vehicles and parts,44008.7
1/1/2014,California,      Motor vehicles and parts,46656.1
1/1/2015,California,      Motor vehicles and parts,51163.5
1/1/2016,California,      Motor vehicles and parts,53090
1/1/2017,California,      Motor vehicles and parts,55753.6
1/1/2018,California,      Motor vehicles and parts,56674.1
1/1/2019,California,      Motor vehicles and parts,55382.1
1/1/2004,California,      Furnishings and durable household equipment,31534.2
1/1/2005,California,      Furnishings and durable household equipment,33855.1
1/1/2006,California,      Furnishings and durable household equipment,35392.1
1/1/2007,California,      Furnishings and durable household equipment,34834.4
1/1/2008,California,      Furnishings and durable household equipment,31046.6
1/1/2009,California,      Furnishings and durable household equipment,27832.3
1/1/2010,California,      Furnishings and durable household equipment,28437.1
1/1/2011,California,      Furnishings and durable household equipment,29102.6
1/1/2012,California,      Furnishings and durable household equipment,29476.3
1/1/2013,California,      Furnishings and durable household equipment,30071.5
1/1/2014,California,      Furnishings and durable household equipment,31925.1
1/1/2015,California,      Furnishings and durable household equipment,34652.2
1/1/2016,California,      Furnishings and durable household equipment,35032.1
1/1/2017,California,      Furnishings and durable household equipment,36947
1/1/2018,California,      Furnishings and durable household equipment,39631
1/1/2019,California,      Furnishings and durable household equipment,41073.5
1/1/2004,California,      Recreational goods and vehicles,44301.8
1/1/2005,California,      Recreational goods and vehicles,47395.5
1/1/2006,California,      Recreational goods and vehicles,51122.8
1/1/2007,California,      Recreational goods and vehicles,53063.5
1/1/2008,California,      Recreational goods and vehicles,49807.7
1/1/2009,California,      Recreational goods and vehicles,43949.5
1/1/2010,California,      Recreational goods and vehicles,45314.5
1/1/2011,California,      Recreational goods and vehicles,45885
1/1/2012,California,      Recreational goods and vehicles,47166
1/1/2013,California,      Recreational goods and vehicles,47173.4
1/1/2014,California,      Recreational goods and vehicles,48231
1/1/2015,California,      Recreational goods and vehicles,50489
1/1/2016,California,      Recreational goods and vehicles,52134.7
1/1/2017,California,      Recreational goods and vehicles,55752.5
1/1/2018,California,      Recreational goods and vehicles,60307.4
1/1/2019,California,      Recreational goods and vehicles,66610.3
1/1/2004,California,      Other durable goods,16430.3
1/1/2005,California,      Other durable goods,17824.2
1/1/2006,California,      Other durable goods,19033.6
1/1/2007,California,      Other durable goods,20657.2
1/1/2008,California,      Other durable goods,20158.7
1/1/2009,California,      Other durable goods,18430.2
1/1/2010,California,      Other durable goods,19411.7
1/1/2011,California,      Other durable goods,20978.7
1/1/2012,California,      Other durable goods,22396.5
1/1/2013,California,      Other durable goods,22434.3
1/1/2014,California,      Other durable goods,23593.5
1/1/2015,California,      Other durable goods,24758.6
1/1/2016,California,      Other durable goods,24858.6
1/1/2017,California,      Other durable goods,25794.4
1/1/2018,California,      Other durable goods,27072.1
1/1/2019,California,      Other durable goods,28123.8
1/1/2004,California,    Nondurable goods,209308.9
1/1/2005,California,    Nondurable goods,223265
1/1/2006,California,    Nondurable goods,236994.3
1/1/2007,California,    Nondurable goods,250101.6
1/1/2008,California,    Nondurable goods,257429.6
1/1/2009,California,    Nondurable goods,240062.3
1/1/2010,California,    Nondurable goods,251866.6
1/1/2011,California,    Nondurable goods,270750.4
1/1/2012,California,    Nondurable goods,281318.7
1/1/2013,California,    Nondurable goods,286178.9
1/1/2014,California,    Nondurable goods,298818.1
1/1/2015,California,    Nondurable goods,301387.3
1/1/2016,California,    Nondurable goods,308896
1/1/2017,California,    Nondurable goods,324014.8
1/1/2018,California,    Nondurable goods,340595.4
1/1/2019,California,    Nondurable goods,355630.6
1/1/2004,California,      Food and beverages purchased for off-premises consumption,76405
1/1/2005,California,      Food and beverages purchased for off-premises consumption,80728.1
1/1/2006,California,      Food and beverages purchased for off-premises consumption,85049.1
1/1/2007,California,      Food and beverages purchased for off-premises consumption,90972.3
1/1/2008,California,      Food and beverages purchased for off-premises consumption,93758.7
1/1/2009,California,      Food and beverages purchased for off-premises consumption,91217
1/1/2010,California,      Food and beverages purchased for off-premises consumption,93071.1
1/1/2011,California,      Food and beverages purchased for off-premises consumption,97473.3
1/1/2012,California,      Food and beverages purchased for off-premises consumption,100893.4
1/1/2013,California,      Food and beverages purchased for off-premises consumption,103585.4
1/1/2014,California,      Food and beverages purchased for off-premises consumption,109126.4
1/1/2015,California,      Food and beverages purchased for off-premises consumption,112407.4
1/1/2016,California,      Food and beverages purchased for off-premises consumption,115638.5
1/1/2017,California,      Food and beverages purchased for off-premises consumption,119248.8
1/1/2018,California,      Food and beverages purchased for off-premises consumption,122934.9
1/1/2019,California,      Food and beverages purchased for off-premises consumption,127368.9
1/1/2004,California,      Clothing and footwear,41111.2
1/1/2005,California,      Clothing and footwear,43537.4
1/1/2006,California,      Clothing and footwear,42955.6
1/1/2007,California,      Clothing and footwear,43882.5
1/1/2008,California,      Clothing and footwear,42614.2
1/1/2009,California,      Clothing and footwear,38521
1/1/2010,California,      Clothing and footwear,40551.5
1/1/2011,California,      Clothing and footwear,43518.3
1/1/2012,California,      Clothing and footwear,46343.8
1/1/2013,California,      Clothing and footwear,46708.7
1/1/2014,California,      Clothing and footwear,49117.8
1/1/2015,California,      Clothing and footwear,50988.9
1/1/2016,California,      Clothing and footwear,52392.5
1/1/2017,California,      Clothing and footwear,54623.8
1/1/2018,California,      Clothing and footwear,57465.7
1/1/2019,California,      Clothing and footwear,60279
1/1/2004,California,      Gasoline and other energy goods,23710.2
1/1/2005,California,      Gasoline and other energy goods,27651.4
1/1/2006,California,      Gasoline and other energy goods,31298.2
1/1/2007,California,      Gasoline and other energy goods,33305.1
1/1/2008,California,      Gasoline and other energy goods,38159.4
1/1/2009,California,      Gasoline and other energy goods,27297.9
1/1/2010,California,      Gasoline and other energy goods,31873.4
1/1/2011,California,      Gasoline and other energy goods,40162.8
1/1/2012,California,      Gasoline and other energy goods,41382
1/1/2013,California,      Gasoline and other energy goods,40194.5
1/1/2014,California,      Gasoline and other energy goods,38706.9
1/1/2015,California,      Gasoline and other energy goods,29853.8
1/1/2016,California,      Gasoline and other energy goods,27797.7
1/1/2017,California,      Gasoline and other energy goods,32517.4
1/1/2018,California,      Gasoline and other energy goods,36973.4
1/1/2019,California,      Gasoline and other energy goods,36429.8
1/1/2004,California,      Other nondurable goods,68082.4
1/1/2005,California,      Other nondurable goods,71348.1
1/1/2006,California,      Other nondurable goods,77691.4
1/1/2007,California,      Other nondurable goods,81941.7
1/1/2008,California,      Other nondurable goods,82897.3
1/1/2009,California,      Other nondurable goods,83026.4
1/1/2010,California,      Other nondurable goods,86370.6
1/1/2011,California,      Other nondurable goods,89596
1/1/2012,California,      Other nondurable goods,92699.5
1/1/2013,California,      Other nondurable goods,95690.3
1/1/2014,California,      Other nondurable goods,101867
1/1/2015,California,      Other nondurable goods,108137.3
1/1/2016,California,      Other nondurable goods,113067.2
1/1/2017,California,      Other nondurable goods,117624.8
1/1/2018,California,      Other nondurable goods,123221.3
1/1/2019,California,      Other nondurable goods,131553
1/1/2004,California,  Services,694997.3
1/1/2005,California,  Services,741449.8
1/1/2006,California,  Services,790701.3
1/1/2007,California,  Services,839054.5
1/1/2008,California,  Services,871022.4
1/1/2009,California,  Services,864162.8
1/1/2010,California,  Services,899874.2
1/1/2011,California,  Services,936713.6
1/1/2012,California,  Services,973431.9
1/1/2013,California,  Services,1002192.3
1/1/2014,California,  Services,1054770.1
1/1/2015,California,  Services,1127184
1/1/2016,California,  Services,1193734.2
1/1/2017,California,  Services,1261139.8
1/1/2018,California,  Services,1328696.3
1/1/2019,California,  Services,1400769.5
1/1/2004,California,    Household consumption expenditures (for services),674197
1/1/2005,California,    Household consumption expenditures (for services),720475.4
1/1/2006,California,    Household consumption expenditures (for services),766038.8
1/1/2007,California,    Household consumption expenditures (for services),808854.6
1/1/2008,California,    Household consumption expenditures (for services),837142.9
1/1/2009,California,    Household consumption expenditures (for services),830728.2
1/1/2010,California,    Household consumption expenditures (for services),865538.2
1/1/2011,California,    Household consumption expenditures (for services),900188
1/1/2012,California,    Household consumption expenditures (for services),932392.6
1/1/2013,California,    Household consumption expenditures (for services),958945.2
1/1/2014,California,    Household consumption expenditures (for services),1009851.8
1/1/2015,California,    Household consumption expenditures (for services),1078739.9
1/1/2016,California,    Household consumption expenditures (for services),1140221.6
1/1/2017,California,    Household consumption expenditures (for services),1204319.3
1/1/2018,California,    Household consumption expenditures (for services),1269332.6
1/1/2019,California,    Household consumption expenditures (for services),1340576.8
1/1/2004,California,      Housing and utilities,217993
1/1/2005,California,      Housing and utilities,233709.3
1/1/2006,California,      Housing and utilities,251191.6
1/1/2007,California,      Housing and utilities,263584.9
1/1/2008,California,      Housing and utilities,276958.2
1/1/2009,California,      Housing and utilities,286937.9
1/1/2010,California,      Housing and utilities,293375.6
1/1/2011,California,      Housing and utilities,302214.8
1/1/2012,California,      Housing and utilities,309979.9
1/1/2013,California,      Housing and utilities,318454.1
1/1/2014,California,      Housing and utilities,332672.4
1/1/2015,California,      Housing and utilities,351950.4
1/1/2016,California,      Housing and utilities,369740.5
1/1/2017,California,      Housing and utilities,385511
1/1/2018,California,      Housing and utilities,400044.3
1/1/2019,California,      Housing and utilities,418870.5
1/1/2004,California,      Health care,137209
1/1/2005,California,      Health care,147024.7
1/1/2006,California,      Health care,155514.6
1/1/2007,California,      Health care,167279.3
1/1/2008,California,      Health care,178148.1
1/1/2009,California,      Health care,184343.4
1/1/2010,California,      Health care,201464.9
1/1/2011,California,      Health care,210256.9
1/1/2012,California,      Health care,216641.4
1/1/2013,California,      Health care,222351.1
1/1/2014,California,      Health care,232443
1/1/2015,California,      Health care,253701.7
1/1/2016,California,      Health care,268698.6
1/1/2017,California,      Health care,285357.2
1/1/2018,California,      Health care,300137
1/1/2019,California,      Health care,316293.3
1/1/2004,California,      Transportation services,37482.4
1/1/2005,California,      Transportation services,40446.7
1/1/2006,California,      Transportation services,43476.1
1/1/2007,California,      Transportation services,46070.6
1/1/2008,California,      Transportation services,45998.3
1/1/2009,California,      Transportation services,42617.3
1/1/2010,California,      Transportation services,43854.9
1/1/2011,California,      Transportation services,47082.8
1/1/2012,California,      Transportation services,50044.7
1/1/2013,California,      Transportation services,53091.1
1/1/2014,California,      Transportation services,56246.4
1/1/2015,California,      Transportation services,58530.8
1/1/2016,California,      Transportation services,63183.2
1/1/2017,California,      Transportation services,67909.3
1/1/2018,California,      Transportation services,73337.5
1/1/2019,California,      Transportation services,78058.5
1/1/2004,California,      Recreation services,39959.1
1/1/2005,California,      Recreation services,42466.4
1/1/2006,California,      Recreation services,45112.2
1/1/2007,California,      Recreation services,47592.3
1/1/2008,California,      Recreation services,48413.5
1/1/2009,California,      Recreation services,46268.4
1/1/2010,California,      Recreation services,48780.8
1/1/2011,California,      Recreation services,49201.5
1/1/2012,California,      Recreation services,51951
1/1/2013,California,      Recreation services,53043.4
1/1/2014,California,      Recreation services,55212.5
1/1/2015,California,      Recreation services,58935.2
1/1/2016,California,      Recreation services,62463
1/1/2017,California,      Recreation services,65861.7
1/1/2018,California,      Recreation services,69065.2
1/1/2019,California,      Recreation services,72566.9
1/1/2004,California,      Food services and accommodations,66776.8
1/1/2005,California,      Food services and accommodations,71866.9
1/1/2006,California,      Food services and accommodations,77545.1
1/1/2007,California,      Food services and accommodations,82944.8
1/1/2008,California,      Food services and accommodations,85959.7
1/1/2009,California,      Food services and accommodations,82484.3
1/1/2010,California,      Food services and accommodations,84710.5
1/1/2011,California,      Food services and accommodations,88952.3
1/1/2012,California,      Food services and accommodations,93718.2
1/1/2013,California,      Food services and accommodations,96201.7
1/1/2014,California,      Food services and accommodations,104665.7
1/1/2015,California,      Food services and accommodations,115238.1
1/1/2016,California,      Food services and accommodations,124561.2
1/1/2017,California,      Food services and accommodations,131509.8
1/1/2018,California,      Food services and accommodations,140148.5
1/1/2019,California,      Food services and accommodations,149368.4
1/1/2004,California,      Financial services and insurance,84682.6
1/1/2005,California,      Financial services and insurance,90338.9
1/1/2006,California,      Financial services and insurance,92775.9
1/1/2007,California,      Financial services and insurance,96196.4
1/1/2008,California,      Financial services and insurance,94084.2
1/1/2009,California,      Financial services and insurance,85202.3
1/1/2010,California,      Financial services and insurance,88861.5
1/1/2011,California,      Financial services and insurance,93638.2
1/1/2012,California,      Financial services and insurance,96288.4
1/1/2013,California,      Financial services and insurance,101630.4
1/1/2014,California,      Financial services and insurance,107886.3
1/1/2015,California,      Financial services and insurance,114695.1
1/1/2016,California,      Financial services and insurance,119174.2
1/1/2017,California,      Financial services and insurance,127648.1
1/1/2018,California,      Financial services and insurance,137249.4
1/1/2019,California,      Financial services and insurance,144716.3
1/1/2004,California,      Other services,90094.2
1/1/2005,California,      Other services,94622.4
1/1/2006,California,      Other services,100423.4
1/1/2007,California,      Other services,105186.2
1/1/2008,California,      Other services,107580.7
1/1/2009,California,      Other services,102874.7
1/1/2010,California,      Other services,104490
1/1/2011,California,      Other services,108841.6
1/1/2012,California,      Other services,113768.9
1/1/2013,California,      Other services,114173.5
1/1/2014,California,      Other services,120725.4
1/1/2015,California,      Other services,125688.7
1/1/2016,California,      Other services,132400.9
1/1/2017,California,      Other services,140522.1
1/1/2018,California,      Other services,149350.7
1/1/2019,California,      Other services,160702.9
1/1/2004,California,    Final consumption expenditures of nonprofit institutions serving households (NPISHs),20800.3
1/1/2005,California,    Final consumption expenditures of nonprofit institutions serving households (NPISHs),20974.4
1/1/2006,California,    Final consumption expenditures of nonprofit institutions serving households (NPISHs),24662.5
1/1/2007,California,    Final consumption expenditures of nonprofit institutions serving households (NPISHs),30199.9
1/1/2008,California,    Final consumption expenditures of nonprofit institutions serving households (NPISHs),33879.5
1/1/2009,California,    Final consumption expenditures of nonprofit institutions serving households (NPISHs),33434.5
1/1/2010,California,    Final consumption expenditures of nonprofit institutions serving households (NPISHs),34336
1/1/2011,California,    Final consumption expenditures of nonprofit institutions serving households (NPISHs),36525.6
1/1/2012,California,    Final consumption expenditures of nonprofit institutions serving households (NPISHs),41039.3
1/1/2013,California,    Final consumption expenditures of nonprofit institutions serving households (NPISHs),43247
1/1/2014,California,    Final consumption expenditures of nonprofit institutions serving households (NPISHs),44918.4
1/1/2015,California,    Final consumption expenditures of nonprofit institutions serving households (NPISHs),48444
1/1/2016,California,    Final consumption expenditures of nonprofit institutions serving households (NPISHs),53512.6
1/1/2017,California,    Final consumption expenditures of nonprofit institutions serving households (NPISHs),56820.6
1/1/2018,California,    Final consumption expenditures of nonprofit institutions serving households (NPISHs),59363.7
1/1/2019,California,    Final consumption expenditures of nonprofit institutions serving households (NPISHs),60192.7
1/1/2004,California,      Gross output of nonprofit institutions,93954.2
1/1/2005,California,      Gross output of nonprofit institutions,99767.3
1/1/2006,California,      Gross output of nonprofit institutions,106791.2
1/1/2007,California,      Gross output of nonprofit institutions,120747.2
1/1/2008,California,      Gross output of nonprofit institutions,130451
1/1/2009,California,      Gross output of nonprofit institutions,136030.6
1/1/2010,California,      Gross output of nonprofit institutions,142602.1
1/1/2011,California,      Gross output of nonprofit institutions,151642.3
1/1/2012,California,      Gross output of nonprofit institutions,165302.1
1/1/2013,California,      Gross output of nonprofit institutions,170790.9
1/1/2014,California,      Gross output of nonprofit institutions,177132.2
1/1/2015,California,      Gross output of nonprofit institutions,189459.1
1/1/2016,California,      Gross output of nonprofit institutions,202321.4
1/1/2017,California,      Gross output of nonprofit institutions,212050
1/1/2018,California,      Gross output of nonprofit institutions,223145.9
1/1/2019,California,      Gross output of nonprofit institutions,233964.5
1/1/2004,California,      Less: Receipts from sales of goods and services by nonprofit institutions,73153.9
1/1/2005,California,      Less: Receipts from sales of goods and services by nonprofit institutions,78792.9
1/1/2006,California,      Less: Receipts from sales of goods and services by nonprofit institutions,82128.7
1/1/2007,California,      Less: Receipts from sales of goods and services by nonprofit institutions,90547.3
1/1/2008,California,      Less: Receipts from sales of goods and services by nonprofit institutions,96571.5
1/1/2009,California,      Less: Receipts from sales of goods and services by nonprofit institutions,102596
1/1/2010,California,      Less: Receipts from sales of goods and services by nonprofit institutions,108266.1
1/1/2011,California,      Less: Receipts from sales of goods and services by nonprofit institutions,115116.7
1/1/2012,California,      Less: Receipts from sales of goods and services by nonprofit institutions,124262.8
1/1/2013,California,      Less: Receipts from sales of goods and services by nonprofit institutions,127543.8
1/1/2014,California,      Less: Receipts from sales of goods and services by nonprofit institutions,132213.8
1/1/2015,California,      Less: Receipts from sales of goods and services by nonprofit institutions,141015
1/1/2016,California,      Less: Receipts from sales of goods and services by nonprofit institutions,148808.8
1/1/2017,California,      Less: Receipts from sales of goods and services by nonprofit institutions,155229.4
1/1/2018,California,      Less: Receipts from sales of goods and services by nonprofit institutions,163782.2
1/1/2019,California,      Less: Receipts from sales of goods and services by nonprofit institutions,173771.8
1/1/2004,Florida,Personal consumption expenditures,482756.1
1/1/2005,Florida,Personal consumption expenditures,524355
1/1/2006,Florida,Personal consumption expenditures,564762.3
1/1/2007,Florida,Personal consumption expenditures,589257.8
1/1/2008,Florida,Personal consumption expenditures,597531.5
1/1/2009,Florida,Personal consumption expenditures,588295.9
1/1/2010,Florida,Personal consumption expenditures,609692.8
1/1/2011,Florida,Personal consumption expenditures,639640.5
1/1/2012,Florida,Personal consumption expenditures,665263.8
1/1/2013,Florida,Personal consumption expenditures,686934.8
1/1/2014,Florida,Personal consumption expenditures,727300.9
1/1/2015,Florida,Personal consumption expenditures,766806.2
1/1/2016,Florida,Personal consumption expenditures,799108.7
1/1/2017,Florida,Personal consumption expenditures,835406.6
1/1/2018,Florida,Personal consumption expenditures,882110.3
1/1/2019,Florida,Personal consumption expenditures,923931.4
1/1/2004,Florida,  Goods,175063.3
1/1/2005,Florida,  Goods,192395.6
1/1/2006,Florida,  Goods,205268.5
1/1/2007,Florida,  Goods,209568.5
1/1/2008,Florida,  Goods,203647
1/1/2009,Florida,  Goods,191750.4
1/1/2010,Florida,  Goods,200290.4
1/1/2011,Florida,  Goods,212877.7
1/1/2012,Florida,  Goods,221861.4
1/1/2013,Florida,  Goods,234031.9
1/1/2014,Florida,  Goods,247695.8
1/1/2015,Florida,  Goods,257728.7
1/1/2016,Florida,  Goods,264702.1
1/1/2017,Florida,  Goods,277500.7
1/1/2018,Florida,  Goods,294033.1
1/1/2019,Florida,  Goods,305583.3
1/1/2004,Florida,    Durable goods,70939.9
1/1/2005,Florida,    Durable goods,78872.8
1/1/2006,Florida,    Durable goods,82176.9
1/1/2007,Florida,    Durable goods,81642.2
1/1/2008,Florida,    Durable goods,72357.4
1/1/2009,Florida,    Durable goods,65100.5
1/1/2010,Florida,    Durable goods,67765.6
1/1/2011,Florida,    Durable goods,71687.9
1/1/2012,Florida,    Durable goods,75752
1/1/2013,Florida,    Durable goods,81427.7
1/1/2014,Florida,    Durable goods,87054.9
1/1/2015,Florida,    Durable goods,93062.6
1/1/2016,Florida,    Durable goods,96858.6
1/1/2017,Florida,    Durable goods,102114.5
1/1/2018,Florida,    Durable goods,109144.5
1/1/2019,Florida,    Durable goods,113209.5
1/1/2004,Florida,      Motor vehicles and parts,26997.7
1/1/2005,Florida,      Motor vehicles and parts,28913.4
1/1/2006,Florida,      Motor vehicles and parts,28685.6
1/1/2007,Florida,      Motor vehicles and parts,27964
1/1/2008,Florida,      Motor vehicles and parts,22477.1
1/1/2009,Florida,      Motor vehicles and parts,20174.5
1/1/2010,Florida,      Motor vehicles and parts,22135
1/1/2011,Florida,      Motor vehicles and parts,23544.4
1/1/2012,Florida,      Motor vehicles and parts,25722.2
1/1/2013,Florida,      Motor vehicles and parts,27697.6
1/1/2014,Florida,      Motor vehicles and parts,29797
1/1/2015,Florida,      Motor vehicles and parts,32964.6
1/1/2016,Florida,      Motor vehicles and parts,33588
1/1/2017,Florida,      Motor vehicles and parts,34960.8
1/1/2018,Florida,      Motor vehicles and parts,37046.1
1/1/2019,Florida,      Motor vehicles and parts,37139.6
1/1/2004,Florida,      Furnishings and durable household equipment,18771.5
1/1/2005,Florida,      Furnishings and durable household equipment,21265.5
1/1/2006,Florida,      Furnishings and durable household equipment,22467.3
1/1/2007,Florida,      Furnishings and durable household equipment,21238.2
1/1/2008,Florida,      Furnishings and durable household equipment,18995.1
1/1/2009,Florida,      Furnishings and durable household equipment,16861.3
1/1/2010,Florida,      Furnishings and durable household equipment,17061.5
1/1/2011,Florida,      Furnishings and durable household equipment,17810.7
1/1/2012,Florida,      Furnishings and durable household equipment,18844.3
1/1/2013,Florida,      Furnishings and durable household equipment,20132.1
1/1/2014,Florida,      Furnishings and durable household equipment,21892
1/1/2015,Florida,      Furnishings and durable household equipment,23647.4
1/1/2016,Florida,      Furnishings and durable household equipment,25110
1/1/2017,Florida,      Furnishings and durable household equipment,26597.2
1/1/2018,Florida,      Furnishings and durable household equipment,28944
1/1/2019,Florida,      Furnishings and durable household equipment,30314.5
1/1/2004,Florida,      Recreational goods and vehicles,18904.3
1/1/2005,Florida,      Recreational goods and vehicles,21819.3
1/1/2006,Florida,      Recreational goods and vehicles,23310.3
1/1/2007,Florida,      Recreational goods and vehicles,23957.6
1/1/2008,Florida,      Recreational goods and vehicles,22602.2
1/1/2009,Florida,      Recreational goods and vehicles,20023.3
1/1/2010,Florida,      Recreational goods and vehicles,20045.3
1/1/2011,Florida,      Recreational goods and vehicles,21113.1
1/1/2012,Florida,      Recreational goods and vehicles,21603.6
1/1/2013,Florida,      Recreational goods and vehicles,22972.9
1/1/2014,Florida,      Recreational goods and vehicles,24022.9
1/1/2015,Florida,      Recreational goods and vehicles,24593.3
1/1/2016,Florida,      Recreational goods and vehicles,26205.8
1/1/2017,Florida,      Recreational goods and vehicles,28301.8
1/1/2018,Florida,      Recreational goods and vehicles,30346.4
1/1/2019,Florida,      Recreational goods and vehicles,32784.9
1/1/2004,Florida,      Other durable goods,6266.4
1/1/2005,Florida,      Other durable goods,6874.6
1/1/2006,Florida,      Other durable goods,7713.7
1/1/2007,Florida,      Other durable goods,8482.5
1/1/2008,Florida,      Other durable goods,8283.1
1/1/2009,Florida,      Other durable goods,8041.4
1/1/2010,Florida,      Other durable goods,8523.9
1/1/2011,Florida,      Other durable goods,9219.6
1/1/2012,Florida,      Other durable goods,9582
1/1/2013,Florida,      Other durable goods,10625.1
1/1/2014,Florida,      Other durable goods,11343
1/1/2015,Florida,      Other durable goods,11857.2
1/1/2016,Florida,      Other durable goods,11954.9
1/1/2017,Florida,      Other durable goods,12254.7
1/1/2018,Florida,      Other durable goods,12808
1/1/2019,Florida,      Other durable goods,12970.5
1/1/2004,Florida,    Nondurable goods,104123.5
1/1/2005,Florida,    Nondurable goods,113522.8
1/1/2006,Florida,    Nondurable goods,123091.6
1/1/2007,Florida,    Nondurable goods,127926.3
1/1/2008,Florida,    Nondurable goods,131289.6
1/1/2009,Florida,    Nondurable goods,126649.9
1/1/2010,Florida,    Nondurable goods,132524.8
1/1/2011,Florida,    Nondurable goods,141189.8
1/1/2012,Florida,    Nondurable goods,146109.4
1/1/2013,Florida,    Nondurable goods,152604.2
1/1/2014,Florida,    Nondurable goods,160640.9
1/1/2015,Florida,    Nondurable goods,164666.1
1/1/2016,Florida,    Nondurable goods,167843.4
1/1/2017,Florida,    Nondurable goods,175386.2
1/1/2018,Florida,    Nondurable goods,184888.6
1/1/2019,Florida,    Nondurable goods,192373.8
1/1/2004,Florida,      Food and beverages purchased for off-premises consumption,40533.4
1/1/2005,Florida,      Food and beverages purchased for off-premises consumption,43646.4
1/1/2006,Florida,      Food and beverages purchased for off-premises consumption,46166.4
1/1/2007,Florida,      Food and beverages purchased for off-premises consumption,48017.5
1/1/2008,Florida,      Food and beverages purchased for off-premises consumption,49857.9
1/1/2009,Florida,      Food and beverages purchased for off-premises consumption,49898.9
1/1/2010,Florida,      Food and beverages purchased for off-premises consumption,50486.7
1/1/2011,Florida,      Food and beverages purchased for off-premises consumption,52570.6
1/1/2012,Florida,      Food and beverages purchased for off-premises consumption,54099.6
1/1/2013,Florida,      Food and beverages purchased for off-premises consumption,56021.8
1/1/2014,Florida,      Food and beverages purchased for off-premises consumption,58852.1
1/1/2015,Florida,      Food and beverages purchased for off-premises consumption,61742.8
1/1/2016,Florida,      Food and beverages purchased for off-premises consumption,63403.5
1/1/2017,Florida,      Food and beverages purchased for off-premises consumption,65894.3
1/1/2018,Florida,      Food and beverages purchased for off-premises consumption,69089
1/1/2019,Florida,      Food and beverages purchased for off-premises consumption,72193.6
1/1/2004,Florida,      Clothing and footwear,14695
1/1/2005,Florida,      Clothing and footwear,15373.5
1/1/2006,Florida,      Clothing and footwear,16463.6
1/1/2007,Florida,      Clothing and footwear,16940.3
1/1/2008,Florida,      Clothing and footwear,16553.1
1/1/2009,Florida,      Clothing and footwear,16035.5
1/1/2010,Florida,      Clothing and footwear,17031.4
1/1/2011,Florida,      Clothing and footwear,18111.8
1/1/2012,Florida,      Clothing and footwear,19286.5
1/1/2013,Florida,      Clothing and footwear,19880.8
1/1/2014,Florida,      Clothing and footwear,20886.6
1/1/2015,Florida,      Clothing and footwear,21577.1
1/1/2016,Florida,      Clothing and footwear,21983.7
1/1/2017,Florida,      Clothing and footwear,21911.7
1/1/2018,Florida,      Clothing and footwear,22891.8
1/1/2019,Florida,      Clothing and footwear,23287.2
1/1/2004,Florida,      Gasoline and other energy goods,11091.5
1/1/2005,Florida,      Gasoline and other energy goods,13780.5
1/1/2006,Florida,      Gasoline and other energy goods,16160.4
1/1/2007,Florida,      Gasoline and other energy goods,17408.1
1/1/2008,Florida,      Gasoline and other energy goods,18648.5
1/1/2009,Florida,      Gasoline and other energy goods,13433.4
1/1/2010,Florida,      Gasoline and other energy goods,15928.9
1/1/2011,Florida,      Gasoline and other energy goods,19531.9
1/1/2012,Florida,      Gasoline and other energy goods,20603.8
1/1/2013,Florida,      Gasoline and other energy goods,20630.2
1/1/2014,Florida,      Gasoline and other energy goods,20143
1/1/2015,Florida,      Gasoline and other energy goods,15622
1/1/2016,Florida,      Gasoline and other energy goods,13954
1/1/2017,Florida,      Gasoline and other energy goods,16007.9
1/1/2018,Florida,      Gasoline and other energy goods,17777.8
1/1/2019,Florida,      Gasoline and other energy goods,17140.2
1/1/2004,Florida,      Other nondurable goods,37803.5
1/1/2005,Florida,      Other nondurable goods,40722.4
1/1/2006,Florida,      Other nondurable goods,44301.2
1/1/2007,Florida,      Other nondurable goods,45560.4
1/1/2008,Florida,      Other nondurable goods,46230.1
1/1/2009,Florida,      Other nondurable goods,47282.2
1/1/2010,Florida,      Other nondurable goods,49077.7
1/1/2011,Florida,      Other nondurable goods,50975.5
1/1/2012,Florida,      Other nondurable goods,52119.5
1/1/2013,Florida,      Other nondurable goods,56071.3
1/1/2014,Florida,      Other nondurable goods,60759.2
1/1/2015,Florida,      Other nondurable goods,65724.2
1/1/2016,Florida,      Other nondurable goods,68502.2
1/1/2017,Florida,      Other nondurable goods,71572.3
1/1/2018,Florida,      Other nondurable goods,75130.1
1/1/2019,Florida,      Other nondurable goods,79752.8
1/1/2004,Florida,  Services,307692.8
1/1/2005,Florida,  Services,331959.4
1/1/2006,Florida,  Services,359493.8
1/1/2007,Florida,  Services,379689.4
1/1/2008,Florida,  Services,393884.5
1/1/2009,Florida,  Services,396545.5
1/1/2010,Florida,  Services,409402.4
1/1/2011,Florida,  Services,426762.8
1/1/2012,Florida,  Services,443402.4
1/1/2013,Florida,  Services,452902.9
1/1/2014,Florida,  Services,479605.1
1/1/2015,Florida,  Services,509077.5
1/1/2016,Florida,  Services,534406.6
1/1/2017,Florida,  Services,557905.9
1/1/2018,Florida,  Services,588077.2
1/1/2019,Florida,  Services,618348.2
1/1/2004,Florida,    Household consumption expenditures (for services),304683.7
1/1/2005,Florida,    Household consumption expenditures (for services),330034.3
1/1/2006,Florida,    Household consumption expenditures (for services),356502.6
1/1/2007,Florida,    Household consumption expenditures (for services),375730.4
1/1/2008,Florida,    Household consumption expenditures (for services),389318.6
1/1/2009,Florida,    Household consumption expenditures (for services),393183.4
1/1/2010,Florida,    Household consumption expenditures (for services),406437.4
1/1/2011,Florida,    Household consumption expenditures (for services),423818
1/1/2012,Florida,    Household consumption expenditures (for services),439909.3
1/1/2013,Florida,    Household consumption expenditures (for services),449635.8
1/1/2014,Florida,    Household consumption expenditures (for services),476125.6
1/1/2015,Florida,    Household consumption expenditures (for services),505712.5
1/1/2016,Florida,    Household consumption expenditures (for services),530761.9
1/1/2017,Florida,    Household consumption expenditures (for services),554272.5
1/1/2018,Florida,    Household consumption expenditures (for services),583991.7
1/1/2019,Florida,    Household consumption expenditures (for services),614229.3
1/1/2004,Florida,      Housing and utilities,86486.5
1/1/2005,Florida,      Housing and utilities,93790.4
1/1/2006,Florida,      Housing and utilities,101396
1/1/2007,Florida,      Housing and utilities,106441.3
1/1/2008,Florida,      Housing and utilities,111360.4
1/1/2009,Florida,      Housing and utilities,117746.9
1/1/2010,Florida,      Housing and utilities,119460.3
1/1/2011,Florida,      Housing and utilities,123014.5
1/1/2012,Florida,      Housing and utilities,126031.8
1/1/2013,Florida,      Housing and utilities,128641.4
1/1/2014,Florida,      Housing and utilities,134855.1
1/1/2015,Florida,      Housing and utilities,142596
1/1/2016,Florida,      Housing and utilities,150305.3
1/1/2017,Florida,      Housing and utilities,157623.5
1/1/2018,Florida,      Housing and utilities,164834.7
1/1/2019,Florida,      Housing and utilities,173216.7
1/1/2004,Florida,      Health care,75367.9
1/1/2005,Florida,      Health care,80497.7
1/1/2006,Florida,      Health care,86070.4
1/1/2007,Florida,      Health care,90892.4
1/1/2008,Florida,      Health care,95095.8
1/1/2009,Florida,      Health care,99915.2
1/1/2010,Florida,      Health care,102932.6
1/1/2011,Florida,      Health care,106295.7
1/1/2012,Florida,      Health care,111177.5
1/1/2013,Florida,      Health care,112552.1
1/1/2014,Florida,      Health care,119702.5
1/1/2015,Florida,      Health care,127106
1/1/2016,Florida,      Health care,133960
1/1/2017,Florida,      Health care,137921
1/1/2018,Florida,      Health care,144636.5
1/1/2019,Florida,      Health care,152643
1/1/2004,Florida,      Transportation services,13317
1/1/2005,Florida,      Transportation services,14159.7
1/1/2006,Florida,      Transportation services,15115.7
1/1/2007,Florida,      Transportation services,15382.1
1/1/2008,Florida,      Transportation services,15423.8
1/1/2009,Florida,      Transportation services,14347.9
1/1/2010,Florida,      Transportation services,14780.7
1/1/2011,Florida,      Transportation services,16058.8
1/1/2012,Florida,      Transportation services,16815.5
1/1/2013,Florida,      Transportation services,17909.9
1/1/2014,Florida,      Transportation services,19590.5
1/1/2015,Florida,      Transportation services,20953.2
1/1/2016,Florida,      Transportation services,22366.5
1/1/2017,Florida,      Transportation services,23416.3
1/1/2018,Florida,      Transportation services,24868.6
1/1/2019,Florida,      Transportation services,25817.9
1/1/2004,Florida,      Recreation services,16111.5
1/1/2005,Florida,      Recreation services,17219
1/1/2006,Florida,      Recreation services,18616.7
1/1/2007,Florida,      Recreation services,19711.7
1/1/2008,Florida,      Recreation services,20311.7
1/1/2009,Florida,      Recreation services,19749.5
1/1/2010,Florida,      Recreation services,20290.1
1/1/2011,Florida,      Recreation services,20472.7
1/1/2012,Florida,      Recreation services,21367.3
1/1/2013,Florida,      Recreation services,21987.2
1/1/2014,Florida,      Recreation services,23783.9
1/1/2015,Florida,      Recreation services,26282.5
1/1/2016,Florida,      Recreation services,28307.9
1/1/2017,Florida,      Recreation services,29934.4
1/1/2018,Florida,      Recreation services,31656
1/1/2019,Florida,      Recreation services,32895.6
1/1/2004,Florida,      Food services and accommodations,36284
1/1/2005,Florida,      Food services and accommodations,40039.6
1/1/2006,Florida,      Food services and accommodations,42729.2
1/1/2007,Florida,      Food services and accommodations,44412.6
1/1/2008,Florida,      Food services and accommodations,45094
1/1/2009,Florida,      Food services and accommodations,43702.8
1/1/2010,Florida,      Food services and accommodations,45936.8
1/1/2011,Florida,      Food services and accommodations,49206.3
1/1/2012,Florida,      Food services and accommodations,52704.2
1/1/2013,Florida,      Food services and accommodations,54571.3
1/1/2014,Florida,      Food services and accommodations,58606.1
1/1/2015,Florida,      Food services and accommodations,63346.7
1/1/2016,Florida,      Food services and accommodations,66140.4
1/1/2017,Florida,      Food services and accommodations,68367.2
1/1/2018,Florida,      Food services and accommodations,72414.2
1/1/2019,Florida,      Food services and accommodations,74989.5
1/1/2004,Florida,      Financial services and insurance,36358.2
1/1/2005,Florida,      Financial services and insurance,41121.8
1/1/2006,Florida,      Financial services and insurance,45594.5
1/1/2007,Florida,      Financial services and insurance,50085.2
1/1/2008,Florida,      Financial services and insurance,52272.9
1/1/2009,Florida,      Financial services and insurance,48985.9
1/1/2010,Florida,      Financial services and insurance,52965.5
1/1/2011,Florida,      Financial services and insurance,57329.2
1/1/2012,Florida,      Financial services and insurance,59202.7
1/1/2013,Florida,      Financial services and insurance,61058.9
1/1/2014,Florida,      Financial services and insurance,63419.8
1/1/2015,Florida,      Financial services and insurance,66860.6
1/1/2016,Florida,      Financial services and insurance,68368.4
1/1/2017,Florida,      Financial services and insurance,72627.8
1/1/2018,Florida,      Financial services and insurance,77026.8
1/1/2019,Florida,      Financial services and insurance,81534.6
1/1/2004,Florida,      Other services,40758.5
1/1/2005,Florida,      Other services,43205.9
1/1/2006,Florida,      Other services,46980
1/1/2007,Florida,      Other services,48805.1
1/1/2008,Florida,      Other services,49760
1/1/2009,Florida,      Other services,48735.1
1/1/2010,Florida,      Other services,50071.5
1/1/2011,Florida,      Other services,51440.9
1/1/2012,Florida,      Other services,52610.3
1/1/2013,Florida,      Other services,52915.1
1/1/2014,Florida,      Other services,56167.8
1/1/2015,Florida,      Other services,58567.5
1/1/2016,Florida,      Other services,61313.5
1/1/2017,Florida,      Other services,64382.2
1/1/2018,Florida,      Other services,68554.9
1/1/2019,Florida,      Other services,73132
1/1/2004,Florida,    Final consumption expenditures of nonprofit institutions serving households (NPISHs),3009.1
1/1/2005,Florida,    Final consumption expenditures of nonprofit institutions serving households (NPISHs),1925.1
1/1/2006,Florida,    Final consumption expenditures of nonprofit institutions serving households (NPISHs),2991.2
1/1/2007,Florida,    Final consumption expenditures of nonprofit institutions serving households (NPISHs),3958.9
1/1/2008,Florida,    Final consumption expenditures of nonprofit institutions serving households (NPISHs),4565.9
1/1/2009,Florida,    Final consumption expenditures of nonprofit institutions serving households (NPISHs),3362.1
1/1/2010,Florida,    Final consumption expenditures of nonprofit institutions serving households (NPISHs),2964.9
1/1/2011,Florida,    Final consumption expenditures of nonprofit institutions serving households (NPISHs),2944.8
1/1/2012,Florida,    Final consumption expenditures of nonprofit institutions serving households (NPISHs),3493.1
1/1/2013,Florida,    Final consumption expenditures of nonprofit institutions serving households (NPISHs),3267.1
1/1/2014,Florida,    Final consumption expenditures of nonprofit institutions serving households (NPISHs),3479.5
1/1/2015,Florida,    Final consumption expenditures of nonprofit institutions serving households (NPISHs),3365
1/1/2016,Florida,    Final consumption expenditures of nonprofit institutions serving households (NPISHs),3644.7
1/1/2017,Florida,    Final consumption expenditures of nonprofit institutions serving households (NPISHs),3633.5
1/1/2018,Florida,    Final consumption expenditures of nonprofit institutions serving households (NPISHs),4085.5
1/1/2019,Florida,    Final consumption expenditures of nonprofit institutions serving households (NPISHs),4118.9
1/1/2004,Florida,      Gross output of nonprofit institutions,29613.1
1/1/2005,Florida,      Gross output of nonprofit institutions,32311.1
1/1/2006,Florida,      Gross output of nonprofit institutions,35479.1
1/1/2007,Florida,      Gross output of nonprofit institutions,38568
1/1/2008,Florida,      Gross output of nonprofit institutions,40082.4
1/1/2009,Florida,      Gross output of nonprofit institutions,40230.3
1/1/2010,Florida,      Gross output of nonprofit institutions,41432.6
1/1/2011,Florida,      Gross output of nonprofit institutions,42495.8
1/1/2012,Florida,      Gross output of nonprofit institutions,44175.6
1/1/2013,Florida,      Gross output of nonprofit institutions,44954.1
1/1/2014,Florida,      Gross output of nonprofit institutions,47351.1
1/1/2015,Florida,      Gross output of nonprofit institutions,50344.6
1/1/2016,Florida,      Gross output of nonprofit institutions,53393.5
1/1/2017,Florida,      Gross output of nonprofit institutions,54949.2
1/1/2018,Florida,      Gross output of nonprofit institutions,57811.4
1/1/2019,Florida,      Gross output of nonprofit institutions,60128.9
1/1/2004,Florida,      Less: Receipts from sales of goods and services by nonprofit institutions,26604
1/1/2005,Florida,      Less: Receipts from sales of goods and services by nonprofit institutions,30386
1/1/2006,Florida,      Less: Receipts from sales of goods and services by nonprofit institutions,32487.9
1/1/2007,Florida,      Less: Receipts from sales of goods and services by nonprofit institutions,34609.1
1/1/2008,Florida,      Less: Receipts from sales of goods and services by nonprofit institutions,35516.5
1/1/2009,Florida,      Less: Receipts from sales of goods and services by nonprofit institutions,36868.2
1/1/2010,Florida,      Less: Receipts from sales of goods and services by nonprofit institutions,38467.7
1/1/2011,Florida,      Less: Receipts from sales of goods and services by nonprofit institutions,39550.9
1/1/2012,Florida,      Less: Receipts from sales of goods and services by nonprofit institutions,40682.5
1/1/2013,Florida,      Less: Receipts from sales of goods and services by nonprofit institutions,41687
1/1/2014,Florida,      Less: Receipts from sales of goods and services by nonprofit institutions,43871.6
1/1/2015,Florida,      Less: Receipts from sales of goods and services by nonprofit institutions,46979.6
1/1/2016,Florida,      Less: Receipts from sales of goods and services by nonprofit institutions,49748.7
1/1/2017,Florida,      Less: Receipts from sales of goods and services by nonprofit institutions,51315.7
1/1/2018,Florida,      Less: Receipts from sales of goods and services by nonprofit institutions,53725.9
1/1/2019,Florida,      Less: Receipts from sales of goods and services by nonprofit institutions,56010.1
1/1/2004,Massachusetts,Personal consumption expenditures,234442.3
1/1/2005,Massachusetts,Personal consumption expenditures,248003.8
1/1/2006,Massachusetts,Personal consumption expenditures,260461.6
1/1/2007,Massachusetts,Personal consumption expenditures,270119.7
1/1/2008,Massachusetts,Personal consumption expenditures,278610.5
1/1/2009,Massachusetts,Personal consumption expenditures,274838.7
1/1/2010,Massachusetts,Personal consumption expenditures,282701
1/1/2011,Massachusetts,Personal consumption expenditures,292820.9
1/1/2012,Massachusetts,Personal consumption expenditures,301958.5
1/1/2013,Massachusetts,Personal consumption expenditures,309717.3
1/1/2014,Massachusetts,Personal consumption expenditures,322597.9
1/1/2015,Massachusetts,Personal consumption expenditures,335471.1
1/1/2016,Massachusetts,Personal consumption expenditures,346206.2
1/1/2017,Massachusetts,Personal consumption expenditures,359648.5
1/1/2018,Massachusetts,Personal consumption expenditures,374377.7
1/1/2019,Massachusetts,Personal consumption expenditures,387570.3
1/1/2004,Massachusetts,  Goods,76312.2
1/1/2005,Massachusetts,  Goods,80426.1
1/1/2006,Massachusetts,  Goods,81334.2
1/1/2007,Massachusetts,  Goods,82811
1/1/2008,Massachusetts,  Goods,83517.9
1/1/2009,Massachusetts,  Goods,79833.9
1/1/2010,Massachusetts,  Goods,83875.6
1/1/2011,Massachusetts,  Goods,87680.2
1/1/2012,Massachusetts,  Goods,89783.2
1/1/2013,Massachusetts,  Goods,91736.3
1/1/2014,Massachusetts,  Goods,94830.2
1/1/2015,Massachusetts,  Goods,95996.4
1/1/2016,Massachusetts,  Goods,97812.1
1/1/2017,Massachusetts,  Goods,102657.2
1/1/2018,Massachusetts,  Goods,106441.9
1/1/2019,Massachusetts,  Goods,110480.4
1/1/2004,Massachusetts,    Durable goods,28664.6
1/1/2005,Massachusetts,    Durable goods,30107.3
1/1/2006,Massachusetts,    Durable goods,29644.5
1/1/2007,Massachusetts,    Durable goods,29572.2
1/1/2008,Massachusetts,    Durable goods,28133.4
1/1/2009,Massachusetts,    Durable goods,26503.2
1/1/2010,Massachusetts,    Durable goods,28284.5
1/1/2011,Massachusetts,    Durable goods,29156.8
1/1/2012,Massachusetts,    Durable goods,29992.7
1/1/2013,Massachusetts,    Durable goods,30788.5
1/1/2014,Massachusetts,    Durable goods,31784.8
1/1/2015,Massachusetts,    Durable goods,33101.5
1/1/2016,Massachusetts,    Durable goods,34039.2
1/1/2017,Massachusetts,    Durable goods,35480.3
1/1/2018,Massachusetts,    Durable goods,37057
1/1/2019,Massachusetts,    Durable goods,38557.9
1/1/2004,Massachusetts,      Motor vehicles and parts,9381.7
1/1/2005,Massachusetts,      Motor vehicles and parts,9271.6
1/1/2006,Massachusetts,      Motor vehicles and parts,8548.8
1/1/2007,Massachusetts,      Motor vehicles and parts,8436.5
1/1/2008,Massachusetts,      Motor vehicles and parts,7417.9
1/1/2009,Massachusetts,      Motor vehicles and parts,7299.6
1/1/2010,Massachusetts,      Motor vehicles and parts,7824.4
1/1/2011,Massachusetts,      Motor vehicles and parts,8123
1/1/2012,Massachusetts,      Motor vehicles and parts,8441.8
1/1/2013,Massachusetts,      Motor vehicles and parts,8943.4
1/1/2014,Massachusetts,      Motor vehicles and parts,9469
1/1/2015,Massachusetts,      Motor vehicles and parts,10275.3
1/1/2016,Massachusetts,      Motor vehicles and parts,10347
1/1/2017,Massachusetts,      Motor vehicles and parts,10790.2
1/1/2018,Massachusetts,      Motor vehicles and parts,11206.8
1/1/2019,Massachusetts,      Motor vehicles and parts,11082.5
1/1/2004,Massachusetts,      Furnishings and durable household equipment,6788.4
1/1/2005,Massachusetts,      Furnishings and durable household equipment,7127.6
1/1/2006,Massachusetts,      Furnishings and durable household equipment,7092.7
1/1/2007,Massachusetts,      Furnishings and durable household equipment,6915.4
1/1/2008,Massachusetts,      Furnishings and durable household equipment,6532.7
1/1/2009,Massachusetts,      Furnishings and durable household equipment,5769.2
1/1/2010,Massachusetts,      Furnishings and durable household equipment,5921.6
1/1/2011,Massachusetts,      Furnishings and durable household equipment,6045.6
1/1/2012,Massachusetts,      Furnishings and durable household equipment,6193.3
1/1/2013,Massachusetts,      Furnishings and durable household equipment,6396
1/1/2014,Massachusetts,      Furnishings and durable household equipment,6636.8
1/1/2015,Massachusetts,      Furnishings and durable household equipment,6951
1/1/2016,Massachusetts,      Furnishings and durable household equipment,7324.8
1/1/2017,Massachusetts,      Furnishings and durable household equipment,7528.7
1/1/2018,Massachusetts,      Furnishings and durable household equipment,7763.5
1/1/2019,Massachusetts,      Furnishings and durable household equipment,8094.1
1/1/2004,Massachusetts,      Recreational goods and vehicles,8226.1
1/1/2005,Massachusetts,      Recreational goods and vehicles,9183
1/1/2006,Massachusetts,      Recreational goods and vehicles,9392.4
1/1/2007,Massachusetts,      Recreational goods and vehicles,9311.6
1/1/2008,Massachusetts,      Recreational goods and vehicles,9196
1/1/2009,Massachusetts,      Recreational goods and vehicles,8528.6
1/1/2010,Massachusetts,      Recreational goods and vehicles,9301.9
1/1/2011,Massachusetts,      Recreational goods and vehicles,9585.6
1/1/2012,Massachusetts,      Recreational goods and vehicles,9741.6
1/1/2013,Massachusetts,      Recreational goods and vehicles,9793.3
1/1/2014,Massachusetts,      Recreational goods and vehicles,9889.7
1/1/2015,Massachusetts,      Recreational goods and vehicles,9832.2
1/1/2016,Massachusetts,      Recreational goods and vehicles,10167.4
1/1/2017,Massachusetts,      Recreational goods and vehicles,10768.5
1/1/2018,Massachusetts,      Recreational goods and vehicles,11571.1
1/1/2019,Massachusetts,      Recreational goods and vehicles,12724.9
1/1/2004,Massachusetts,      Other durable goods,4268.4
1/1/2005,Massachusetts,      Other durable goods,4525
1/1/2006,Massachusetts,      Other durable goods,4610.5
1/1/2007,Massachusetts,      Other durable goods,4908.7
1/1/2008,Massachusetts,      Other durable goods,4986.8
1/1/2009,Massachusetts,      Other durable goods,4905.8
1/1/2010,Massachusetts,      Other durable goods,5236.7
1/1/2011,Massachusetts,      Other durable goods,5402.6
1/1/2012,Massachusetts,      Other durable goods,5615.9
1/1/2013,Massachusetts,      Other durable goods,5655.7
1/1/2014,Massachusetts,      Other durable goods,5789.3
1/1/2015,Massachusetts,      Other durable goods,6042.9
1/1/2016,Massachusetts,      Other durable goods,6200
1/1/2017,Massachusetts,      Other durable goods,6392.9
1/1/2018,Massachusetts,      Other durable goods,6515.5
1/1/2019,Massachusetts,      Other durable goods,6656.4
1/1/2004,Massachusetts,    Nondurable goods,47647.6
1/1/2005,Massachusetts,    Nondurable goods,50318.8
1/1/2006,Massachusetts,    Nondurable goods,51689.7
1/1/2007,Massachusetts,    Nondurable goods,53238.8
1/1/2008,Massachusetts,    Nondurable goods,55384.5
1/1/2009,Massachusetts,    Nondurable goods,53330.7
1/1/2010,Massachusetts,    Nondurable goods,55591
1/1/2011,Massachusetts,    Nondurable goods,58523.4
1/1/2012,Massachusetts,    Nondurable goods,59790.5
1/1/2013,Massachusetts,    Nondurable goods,60947.8
1/1/2014,Massachusetts,    Nondurable goods,63045.4
1/1/2015,Massachusetts,    Nondurable goods,62894.9
1/1/2016,Massachusetts,    Nondurable goods,63772.9
1/1/2017,Massachusetts,    Nondurable goods,67176.9
1/1/2018,Massachusetts,    Nondurable goods,69384.9
1/1/2019,Massachusetts,    Nondurable goods,71922.6
1/1/2004,Massachusetts,      Food and beverages purchased for off-premises consumption,16398.7
1/1/2005,Massachusetts,      Food and beverages purchased for off-premises consumption,17013.4
1/1/2006,Massachusetts,      Food and beverages purchased for off-premises consumption,17686.2
1/1/2007,Massachusetts,      Food and beverages purchased for off-premises consumption,18398.1
1/1/2008,Massachusetts,      Food and beverages purchased for off-premises consumption,19107
1/1/2009,Massachusetts,      Food and beverages purchased for off-premises consumption,19189.8
1/1/2010,Massachusetts,      Food and beverages purchased for off-premises consumption,19520.4
1/1/2011,Massachusetts,      Food and beverages purchased for off-premises consumption,20551.3
1/1/2012,Massachusetts,      Food and beverages purchased for off-premises consumption,21319.7
1/1/2013,Massachusetts,      Food and beverages purchased for off-premises consumption,21673.4
1/1/2014,Massachusetts,      Food and beverages purchased for off-premises consumption,22537.7
1/1/2015,Massachusetts,      Food and beverages purchased for off-premises consumption,23050.6
1/1/2016,Massachusetts,      Food and beverages purchased for off-premises consumption,23542.7
1/1/2017,Massachusetts,      Food and beverages purchased for off-premises consumption,24716.6
1/1/2018,Massachusetts,      Food and beverages purchased for off-premises consumption,25237.3
1/1/2019,Massachusetts,      Food and beverages purchased for off-premises consumption,25925.2
1/1/2004,Massachusetts,      Clothing and footwear,8634.5
1/1/2005,Massachusetts,      Clothing and footwear,8828.4
1/1/2006,Massachusetts,      Clothing and footwear,8390.7
1/1/2007,Massachusetts,      Clothing and footwear,8440.1
1/1/2008,Massachusetts,      Clothing and footwear,8489.8
1/1/2009,Massachusetts,      Clothing and footwear,8199.8
1/1/2010,Massachusetts,      Clothing and footwear,8393.7
1/1/2011,Massachusetts,      Clothing and footwear,8435.2
1/1/2012,Massachusetts,      Clothing and footwear,8695.5
1/1/2013,Massachusetts,      Clothing and footwear,8740.1
1/1/2014,Massachusetts,      Clothing and footwear,8907.8
1/1/2015,Massachusetts,      Clothing and footwear,9097.9
1/1/2016,Massachusetts,      Clothing and footwear,9222.8
1/1/2017,Massachusetts,      Clothing and footwear,9115.8
1/1/2018,Massachusetts,      Clothing and footwear,9343.6
1/1/2019,Massachusetts,      Clothing and footwear,9525.5
1/1/2004,Massachusetts,      Gasoline and other energy goods,5262.9
1/1/2005,Massachusetts,      Gasoline and other energy goods,6328.7
1/1/2006,Massachusetts,      Gasoline and other energy goods,6910.3
1/1/2007,Massachusetts,      Gasoline and other energy goods,7441.1
1/1/2008,Massachusetts,      Gasoline and other energy goods,8517.9
1/1/2009,Massachusetts,      Gasoline and other energy goods,6453.3
1/1/2010,Massachusetts,      Gasoline and other energy goods,7337.6
1/1/2011,Massachusetts,      Gasoline and other energy goods,8539.3
1/1/2012,Massachusetts,      Gasoline and other energy goods,8305.7
1/1/2013,Massachusetts,      Gasoline and other energy goods,8278.7
1/1/2014,Massachusetts,      Gasoline and other energy goods,8026.1
1/1/2015,Massachusetts,      Gasoline and other energy goods,6146.2
1/1/2016,Massachusetts,      Gasoline and other energy goods,5372.9
1/1/2017,Massachusetts,      Gasoline and other energy goods,5953.1
1/1/2018,Massachusetts,      Gasoline and other energy goods,6508.7
1/1/2019,Massachusetts,      Gasoline and other energy goods,6096.5
1/1/2004,Massachusetts,      Other nondurable goods,17351.6
1/1/2005,Massachusetts,      Other nondurable goods,18148.3
1/1/2006,Massachusetts,      Other nondurable goods,18702.4
1/1/2007,Massachusetts,      Other nondurable goods,18959.5
1/1/2008,Massachusetts,      Other nondurable goods,19269.8
1/1/2009,Massachusetts,      Other nondurable goods,19487.7
1/1/2010,Massachusetts,      Other nondurable goods,20339.3
1/1/2011,Massachusetts,      Other nondurable goods,20997.6
1/1/2012,Massachusetts,      Other nondurable goods,21469.5
1/1/2013,Massachusetts,      Other nondurable goods,22255.6
1/1/2014,Massachusetts,      Other nondurable goods,23573.8
1/1/2015,Massachusetts,      Other nondurable goods,24600.2
1/1/2016,Massachusetts,      Other nondurable goods,25634.5
1/1/2017,Massachusetts,      Other nondurable goods,27391.4
1/1/2018,Massachusetts,      Other nondurable goods,28295.4
1/1/2019,Massachusetts,      Other nondurable goods,30375.3
1/1/2004,Massachusetts,  Services,158130.1
1/1/2005,Massachusetts,  Services,167577.7
1/1/2006,Massachusetts,  Services,179127.4
1/1/2007,Massachusetts,  Services,187308.7
1/1/2008,Massachusetts,  Services,195092.5
1/1/2009,Massachusetts,  Services,195004.9
1/1/2010,Massachusetts,  Services,198825.4
1/1/2011,Massachusetts,  Services,205140.7
1/1/2012,Massachusetts,  Services,212175.3
1/1/2013,Massachusetts,  Services,217981
1/1/2014,Massachusetts,  Services,227767.7
1/1/2015,Massachusetts,  Services,239474.7
1/1/2016,Massachusetts,  Services,248394.1
1/1/2017,Massachusetts,  Services,256991.3
1/1/2018,Massachusetts,  Services,267935.8
1/1/2019,Massachusetts,  Services,277089.8
1/1/2004,Massachusetts,    Household consumption expenditures (for services),150832
1/1/2005,Massachusetts,    Household consumption expenditures (for services),159835.6
1/1/2006,Massachusetts,    Household consumption expenditures (for services),170183.3
1/1/2007,Massachusetts,    Household consumption expenditures (for services),178822.7
1/1/2008,Massachusetts,    Household consumption expenditures (for services),185695.6
1/1/2009,Massachusetts,    Household consumption expenditures (for services),185203.9
1/1/2010,Massachusetts,    Household consumption expenditures (for services),188983.1
1/1/2011,Massachusetts,    Household consumption expenditures (for services),194562.8
1/1/2012,Massachusetts,    Household consumption expenditures (for services),200303.6
1/1/2013,Massachusetts,    Household consumption expenditures (for services),205507.2
1/1/2014,Massachusetts,    Household consumption expenditures (for services),214787.8
1/1/2015,Massachusetts,    Household consumption expenditures (for services),226163
1/1/2016,Massachusetts,    Household consumption expenditures (for services),234368.5
1/1/2017,Massachusetts,    Household consumption expenditures (for services),242416.6
1/1/2018,Massachusetts,    Household consumption expenditures (for services),253104.8
1/1/2019,Massachusetts,    Household consumption expenditures (for services),262157.7
1/1/2004,Massachusetts,      Housing and utilities,44278.5
1/1/2005,Massachusetts,      Housing and utilities,47697.9
1/1/2006,Massachusetts,      Housing and utilities,50549.6
1/1/2007,Massachusetts,      Housing and utilities,52365.7
1/1/2008,Massachusetts,      Housing and utilities,54428.6
1/1/2009,Massachusetts,      Housing and utilities,54461.8
1/1/2010,Massachusetts,      Housing and utilities,53939.5
1/1/2011,Massachusetts,      Housing and utilities,55026.2
1/1/2012,Massachusetts,      Housing and utilities,55883.5
1/1/2013,Massachusetts,      Housing and utilities,57095.9
1/1/2014,Massachusetts,      Housing and utilities,59605.5
1/1/2015,Massachusetts,      Housing and utilities,62830.5
1/1/2016,Massachusetts,      Housing and utilities,64817.5
1/1/2017,Massachusetts,      Housing and utilities,67582.1
1/1/2018,Massachusetts,      Housing and utilities,71081.7
1/1/2019,Massachusetts,      Housing and utilities,73815.5
1/1/2004,Massachusetts,      Health care,36938.6
1/1/2005,Massachusetts,      Health care,38772.7
1/1/2006,Massachusetts,      Health care,42091.6
1/1/2007,Massachusetts,      Health care,45016.8
1/1/2008,Massachusetts,      Health care,47376.8
1/1/2009,Massachusetts,      Health care,49708.3
1/1/2010,Massachusetts,      Health care,50850.8
1/1/2011,Massachusetts,      Health care,51928.8
1/1/2012,Massachusetts,      Health care,53147.4
1/1/2013,Massachusetts,      Health care,53858
1/1/2014,Massachusetts,      Health care,55339.2
1/1/2015,Massachusetts,      Health care,57956.9
1/1/2016,Massachusetts,      Health care,60060.7
1/1/2017,Massachusetts,      Health care,60743.7
1/1/2018,Massachusetts,      Health care,62620.1
1/1/2019,Massachusetts,      Health care,64268.5
1/1/2004,Massachusetts,      Transportation services,7146.7
1/1/2005,Massachusetts,      Transportation services,7356.2
1/1/2006,Massachusetts,      Transportation services,7653.4
1/1/2007,Massachusetts,      Transportation services,7900.2
1/1/2008,Massachusetts,      Transportation services,8069.5
1/1/2009,Massachusetts,      Transportation services,7966.3
1/1/2010,Massachusetts,      Transportation services,8282.9
1/1/2011,Massachusetts,      Transportation services,8956.4
1/1/2012,Massachusetts,      Transportation services,9317.4
1/1/2013,Massachusetts,      Transportation services,9998.8
1/1/2014,Massachusetts,      Transportation services,10782.8
1/1/2015,Massachusetts,      Transportation services,11376.7
1/1/2016,Massachusetts,      Transportation services,11918.4
1/1/2017,Massachusetts,      Transportation services,12297.1
1/1/2018,Massachusetts,      Transportation services,12908
1/1/2019,Massachusetts,      Transportation services,13115.7
1/1/2004,Massachusetts,      Recreation services,8609.5
1/1/2005,Massachusetts,      Recreation services,8975.5
1/1/2006,Massachusetts,      Recreation services,9505.6
1/1/2007,Massachusetts,      Recreation services,10342.6
1/1/2008,Massachusetts,      Recreation services,10893.5
1/1/2009,Massachusetts,      Recreation services,10713.9
1/1/2010,Massachusetts,      Recreation services,11354.9
1/1/2011,Massachusetts,      Recreation services,11602
1/1/2012,Massachusetts,      Recreation services,12351.2
1/1/2013,Massachusetts,      Recreation services,12852.6
1/1/2014,Massachusetts,      Recreation services,13411.6
1/1/2015,Massachusetts,      Recreation services,14330.5
1/1/2016,Massachusetts,      Recreation services,15561.6
1/1/2017,Massachusetts,      Recreation services,16325.3
1/1/2018,Massachusetts,      Recreation services,17176.9
1/1/2019,Massachusetts,      Recreation services,17739.6
1/1/2004,Massachusetts,      Food services and accommodations,13865.2
1/1/2005,Massachusetts,      Food services and accommodations,14456.7
1/1/2006,Massachusetts,      Food services and accommodations,15150.6
1/1/2007,Massachusetts,      Food services and accommodations,15846.5
1/1/2008,Massachusetts,      Food services and accommodations,16437.2
1/1/2009,Massachusetts,      Food services and accommodations,16260.4
1/1/2010,Massachusetts,      Food services and accommodations,16932.3
1/1/2011,Massachusetts,      Food services and accommodations,17797
1/1/2012,Massachusetts,      Food services and accommodations,18660.9
1/1/2013,Massachusetts,      Food services and accommodations,19404.6
1/1/2014,Massachusetts,      Food services and accommodations,20445.7
1/1/2015,Massachusetts,      Food services and accommodations,21878.1
1/1/2016,Massachusetts,      Food services and accommodations,23037.1
1/1/2017,Massachusetts,      Food services and accommodations,24131.5
1/1/2018,Massachusetts,      Food services and accommodations,25131
1/1/2019,Massachusetts,      Food services and accommodations,26656.1
1/1/2004,Massachusetts,      Financial services and insurance,19013.2
1/1/2005,Massachusetts,      Financial services and insurance,20701.6
1/1/2006,Massachusetts,      Financial services and insurance,21646.7
1/1/2007,Massachusetts,      Financial services and insurance,22701.3
1/1/2008,Massachusetts,      Financial services and insurance,23006.2
1/1/2009,Massachusetts,      Financial services and insurance,20718.7
1/1/2010,Massachusetts,      Financial services and insurance,21747.3
1/1/2011,Massachusetts,      Financial services and insurance,22816.4
1/1/2012,Massachusetts,      Financial services and insurance,23405.9
1/1/2013,Massachusetts,      Financial services and insurance,24529.7
1/1/2014,Massachusetts,      Financial services and insurance,25987.9
1/1/2015,Massachusetts,      Financial services and insurance,27404.9
1/1/2016,Massachusetts,      Financial services and insurance,27172.8
1/1/2017,Massachusetts,      Financial services and insurance,28057
1/1/2018,Massachusetts,      Financial services and insurance,28745.4
1/1/2019,Massachusetts,      Financial services and insurance,29662.3
1/1/2004,Massachusetts,      Other services,20980.2
1/1/2005,Massachusetts,      Other services,21875
1/1/2006,Massachusetts,      Other services,23585.8
1/1/2007,Massachusetts,      Other services,24649.7
1/1/2008,Massachusetts,      Other services,25483.9
1/1/2009,Massachusetts,      Other services,25374.5
1/1/2010,Massachusetts,      Other services,25875.3
1/1/2011,Massachusetts,      Other services,26435.9
1/1/2012,Massachusetts,      Other services,27537.3
1/1/2013,Massachusetts,      Other services,27767.6
1/1/2014,Massachusetts,      Other services,29215.2
1/1/2015,Massachusetts,      Other services,30385.4
1/1/2016,Massachusetts,      Other services,31800.3
1/1/2017,Massachusetts,      Other services,33279.8
1/1/2018,Massachusetts,      Other services,35441.7
1/1/2019,Massachusetts,      Other services,36899.9
1/1/2004,Massachusetts,    Final consumption expenditures of nonprofit institutions serving households (NPISHs),7298.1
1/1/2005,Massachusetts,    Final consumption expenditures of nonprofit institutions serving households (NPISHs),7742.1
1/1/2006,Massachusetts,    Final consumption expenditures of nonprofit institutions serving households (NPISHs),8944.1
1/1/2007,Massachusetts,    Final consumption expenditures of nonprofit institutions serving households (NPISHs),8486
1/1/2008,Massachusetts,    Final consumption expenditures of nonprofit institutions serving households (NPISHs),9397
1/1/2009,Massachusetts,    Final consumption expenditures of nonprofit institutions serving households (NPISHs),9801
1/1/2010,Massachusetts,    Final consumption expenditures of nonprofit institutions serving households (NPISHs),9842.4
1/1/2011,Massachusetts,    Final consumption expenditures of nonprofit institutions serving households (NPISHs),10577.9
1/1/2012,Massachusetts,    Final consumption expenditures of nonprofit institutions serving households (NPISHs),11871.7
1/1/2013,Massachusetts,    Final consumption expenditures of nonprofit institutions serving households (NPISHs),12473.8
1/1/2014,Massachusetts,    Final consumption expenditures of nonprofit institutions serving households (NPISHs),12979.9
1/1/2015,Massachusetts,    Final consumption expenditures of nonprofit institutions serving households (NPISHs),13311.7
1/1/2016,Massachusetts,    Final consumption expenditures of nonprofit institutions serving households (NPISHs),14025.6
1/1/2017,Massachusetts,    Final consumption expenditures of nonprofit institutions serving households (NPISHs),14574.7
1/1/2018,Massachusetts,    Final consumption expenditures of nonprofit institutions serving households (NPISHs),14831
1/1/2019,Massachusetts,    Final consumption expenditures of nonprofit institutions serving households (NPISHs),14932.2
1/1/2004,Massachusetts,      Gross output of nonprofit institutions,24876.1
1/1/2005,Massachusetts,      Gross output of nonprofit institutions,26579.1
1/1/2006,Massachusetts,      Gross output of nonprofit institutions,28896.1
1/1/2007,Massachusetts,      Gross output of nonprofit institutions,29289
1/1/2008,Massachusetts,      Gross output of nonprofit institutions,30816.4
1/1/2009,Massachusetts,      Gross output of nonprofit institutions,32245.9
1/1/2010,Massachusetts,      Gross output of nonprofit institutions,33303
1/1/2011,Massachusetts,      Gross output of nonprofit institutions,34687.8
1/1/2012,Massachusetts,      Gross output of nonprofit institutions,37044.6
1/1/2013,Massachusetts,      Gross output of nonprofit institutions,38342.4
1/1/2014,Massachusetts,      Gross output of nonprofit institutions,40384.6
1/1/2015,Massachusetts,      Gross output of nonprofit institutions,41231.2
1/1/2016,Massachusetts,      Gross output of nonprofit institutions,42872
1/1/2017,Massachusetts,      Gross output of nonprofit institutions,43867.8
1/1/2018,Massachusetts,      Gross output of nonprofit institutions,44325.4
1/1/2019,Massachusetts,      Gross output of nonprofit institutions,46039.6
1/1/2004,Massachusetts,      Less: Receipts from sales of goods and services by nonprofit institutions,17578
1/1/2005,Massachusetts,      Less: Receipts from sales of goods and services by nonprofit institutions,18837
1/1/2006,Massachusetts,      Less: Receipts from sales of goods and services by nonprofit institutions,19951.9
1/1/2007,Massachusetts,      Less: Receipts from sales of goods and services by nonprofit institutions,20803.1
1/1/2008,Massachusetts,      Less: Receipts from sales of goods and services by nonprofit institutions,21419.5
1/1/2009,Massachusetts,      Less: Receipts from sales of goods and services by nonprofit institutions,22445
1/1/2010,Massachusetts,      Less: Receipts from sales of goods and services by nonprofit institutions,23460.7
1/1/2011,Massachusetts,      Less: Receipts from sales of goods and services by nonprofit institutions,24109.9
1/1/2012,Massachusetts,      Less: Receipts from sales of goods and services by nonprofit institutions,25172.9
1/1/2013,Massachusetts,      Less: Receipts from sales of goods and services by nonprofit institutions,25868.5
1/1/2014,Massachusetts,      Less: Receipts from sales of goods and services by nonprofit institutions,27404.7
1/1/2015,Massachusetts,      Less: Receipts from sales of goods and services by nonprofit institutions,27919.5
1/1/2016,Massachusetts,      Less: Receipts from sales of goods and services by nonprofit institutions,28846.3
1/1/2017,Massachusetts,      Less: Receipts from sales of goods and services by nonprofit institutions,29293.1
1/1/2018,Massachusetts,      Less: Receipts from sales of goods and services by nonprofit institutions,29494.4
1/1/2019,Massachusetts,      Less: Receipts from sales of goods and services by nonprofit institutions,31107.4
1/1/2004,North Carolina,Personal consumption expenditures,205412.3
1/1/2005,North Carolina,Personal consumption expenditures,220361.2
1/1/2006,North Carolina,Personal consumption expenditures,234152.1
1/1/2007,North Carolina,Personal consumption expenditures,248502.7
1/1/2008,North Carolina,Personal consumption expenditures,255754
1/1/2009,North Carolina,Personal consumption expenditures,253347.9
1/1/2010,North Carolina,Personal consumption expenditures,263160.2
1/1/2011,North Carolina,Personal consumption expenditures,273787.6
1/1/2012,North Carolina,Personal consumption expenditures,285401.8
1/1/2013,North Carolina,Personal consumption expenditures,295428.2
1/1/2014,North Carolina,Personal consumption expenditures,307109.7
1/1/2015,North Carolina,Personal consumption expenditures,320531.5
1/1/2016,North Carolina,Personal consumption expenditures,334898.8
1/1/2017,North Carolina,Personal consumption expenditures,351686.3
1/1/2018,North Carolina,Personal consumption expenditures,371703.8
1/1/2019,North Carolina,Personal consumption expenditures,389094.9
1/1/2004,North Carolina,  Goods,82638.4
1/1/2005,North Carolina,  Goods,88732.4
1/1/2006,North Carolina,  Goods,93252.3
1/1/2007,North Carolina,  Goods,98078.6
1/1/2008,North Carolina,  Goods,98518.2
1/1/2009,North Carolina,  Goods,92685.9
1/1/2010,North Carolina,  Goods,97303.2
1/1/2011,North Carolina,  Goods,102074.2
1/1/2012,North Carolina,  Goods,107714.7
1/1/2013,North Carolina,  Goods,111955.9
1/1/2014,North Carolina,  Goods,116094.6
1/1/2015,North Carolina,  Goods,118335.7
1/1/2016,North Carolina,  Goods,121142.4
1/1/2017,North Carolina,  Goods,125986.2
1/1/2018,North Carolina,  Goods,132622.1
1/1/2019,North Carolina,  Goods,138326
1/1/2004,North Carolina,    Durable goods,30897.5
1/1/2005,North Carolina,    Durable goods,32528.1
1/1/2006,North Carolina,    Durable goods,33280.3
1/1/2007,North Carolina,    Durable goods,34761.8
1/1/2008,North Carolina,    Durable goods,32011.9
1/1/2009,North Carolina,    Durable goods,29063.1
1/1/2010,North Carolina,    Durable goods,30011.3
1/1/2011,North Carolina,    Durable goods,31080
1/1/2012,North Carolina,    Durable goods,32941.2
1/1/2013,North Carolina,    Durable goods,34862.8
1/1/2014,North Carolina,    Durable goods,36566.6
1/1/2015,North Carolina,    Durable goods,38910.3
1/1/2016,North Carolina,    Durable goods,40531.7
1/1/2017,North Carolina,    Durable goods,42204
1/1/2018,North Carolina,    Durable goods,44503.8
1/1/2019,North Carolina,    Durable goods,46847.8
1/1/2004,North Carolina,      Motor vehicles and parts,12667.6
1/1/2005,North Carolina,      Motor vehicles and parts,12831.6
1/1/2006,North Carolina,      Motor vehicles and parts,12425.6
1/1/2007,North Carolina,      Motor vehicles and parts,12964.3
1/1/2008,North Carolina,      Motor vehicles and parts,11025.6
1/1/2009,North Carolina,      Motor vehicles and parts,10048.1
1/1/2010,North Carolina,      Motor vehicles and parts,11070.2
1/1/2011,North Carolina,      Motor vehicles and parts,11535.2
1/1/2012,North Carolina,      Motor vehicles and parts,12513.4
1/1/2013,North Carolina,      Motor vehicles and parts,13275
1/1/2014,North Carolina,      Motor vehicles and parts,14007.7
1/1/2015,North Carolina,      Motor vehicles and parts,15291.4
1/1/2016,North Carolina,      Motor vehicles and parts,15870.3
1/1/2017,North Carolina,      Motor vehicles and parts,16459.8
1/1/2018,North Carolina,      Motor vehicles and parts,17154
1/1/2019,North Carolina,      Motor vehicles and parts,17458.3
1/1/2004,North Carolina,      Furnishings and durable household equipment,7557.7
1/1/2005,North Carolina,      Furnishings and durable household equipment,8283.4
1/1/2006,North Carolina,      Furnishings and durable household equipment,8620
1/1/2007,North Carolina,      Furnishings and durable household equipment,8790.2
1/1/2008,North Carolina,      Furnishings and durable household equipment,8190.8
1/1/2009,North Carolina,      Furnishings and durable household equipment,7176
1/1/2010,North Carolina,      Furnishings and durable household equipment,7046.1
1/1/2011,North Carolina,      Furnishings and durable household equipment,7100.8
1/1/2012,North Carolina,      Furnishings and durable household equipment,7375.9
1/1/2013,North Carolina,      Furnishings and durable household equipment,7879.6
1/1/2014,North Carolina,      Furnishings and durable household equipment,8161.5
1/1/2015,North Carolina,      Furnishings and durable household equipment,8620.4
1/1/2016,North Carolina,      Furnishings and durable household equipment,9189.3
1/1/2017,North Carolina,      Furnishings and durable household equipment,9620
1/1/2018,North Carolina,      Furnishings and durable household equipment,10111.1
1/1/2019,North Carolina,      Furnishings and durable household equipment,10554.5
1/1/2004,North Carolina,      Recreational goods and vehicles,7431.2
1/1/2005,North Carolina,      Recreational goods and vehicles,7919.4
1/1/2006,North Carolina,      Recreational goods and vehicles,8376.7
1/1/2007,North Carolina,      Recreational goods and vehicles,8730.9
1/1/2008,North Carolina,      Recreational goods and vehicles,8623.1
1/1/2009,North Carolina,      Recreational goods and vehicles,7762.8
1/1/2010,North Carolina,      Recreational goods and vehicles,7686.2
1/1/2011,North Carolina,      Recreational goods and vehicles,8015.7
1/1/2012,North Carolina,      Recreational goods and vehicles,8431.5
1/1/2013,North Carolina,      Recreational goods and vehicles,8928.8
1/1/2014,North Carolina,      Recreational goods and vehicles,9372.1
1/1/2015,North Carolina,      Recreational goods and vehicles,9633
1/1/2016,North Carolina,      Recreational goods and vehicles,10025.7
1/1/2017,North Carolina,      Recreational goods and vehicles,10543.3
1/1/2018,North Carolina,      Recreational goods and vehicles,11432.5
1/1/2019,North Carolina,      Recreational goods and vehicles,12746.6
1/1/2004,North Carolina,      Other durable goods,3241
1/1/2005,North Carolina,      Other durable goods,3493.7
1/1/2006,North Carolina,      Other durable goods,3857.9
1/1/2007,North Carolina,      Other durable goods,4276.4
1/1/2008,North Carolina,      Other durable goods,4172.3
1/1/2009,North Carolina,      Other durable goods,4076.2
1/1/2010,North Carolina,      Other durable goods,4208.8
1/1/2011,North Carolina,      Other durable goods,4428.3
1/1/2012,North Carolina,      Other durable goods,4620.3
1/1/2013,North Carolina,      Other durable goods,4779.3
1/1/2014,North Carolina,      Other durable goods,5025.3
1/1/2015,North Carolina,      Other durable goods,5365.5
1/1/2016,North Carolina,      Other durable goods,5446.5
1/1/2017,North Carolina,      Other durable goods,5580.8
1/1/2018,North Carolina,      Other durable goods,5806.3
1/1/2019,North Carolina,      Other durable goods,6088.5
1/1/2004,North Carolina,    Nondurable goods,51740.9
1/1/2005,North Carolina,    Nondurable goods,56204.3
1/1/2006,North Carolina,    Nondurable goods,59972.1
1/1/2007,North Carolina,    Nondurable goods,63316.7
1/1/2008,North Carolina,    Nondurable goods,66506.4
1/1/2009,North Carolina,    Nondurable goods,63622.8
1/1/2010,North Carolina,    Nondurable goods,67291.9
1/1/2011,North Carolina,    Nondurable goods,70994.2
1/1/2012,North Carolina,    Nondurable goods,74773.5
1/1/2013,North Carolina,    Nondurable goods,77093.1
1/1/2014,North Carolina,    Nondurable goods,79528
1/1/2015,North Carolina,    Nondurable goods,79425.3
1/1/2016,North Carolina,    Nondurable goods,80610.7
1/1/2017,North Carolina,    Nondurable goods,83782.2
1/1/2018,North Carolina,    Nondurable goods,88118.3
1/1/2019,North Carolina,    Nondurable goods,91478.1
1/1/2004,North Carolina,      Food and beverages purchased for off-premises consumption,17724.6
1/1/2005,North Carolina,      Food and beverages purchased for off-premises consumption,19058
1/1/2006,North Carolina,      Food and beverages purchased for off-premises consumption,19820.8
1/1/2007,North Carolina,      Food and beverages purchased for off-premises consumption,21341.9
1/1/2008,North Carolina,      Food and beverages purchased for off-premises consumption,22555
1/1/2009,North Carolina,      Food and beverages purchased for off-premises consumption,22318.8
1/1/2010,North Carolina,      Food and beverages purchased for off-premises consumption,22801.3
1/1/2011,North Carolina,      Food and beverages purchased for off-premises consumption,23098.3
1/1/2012,North Carolina,      Food and beverages purchased for off-premises consumption,24975.6
1/1/2013,North Carolina,      Food and beverages purchased for off-premises consumption,25840.8
1/1/2014,North Carolina,      Food and beverages purchased for off-premises consumption,26795.8
1/1/2015,North Carolina,      Food and beverages purchased for off-premises consumption,27551.9
1/1/2016,North Carolina,      Food and beverages purchased for off-premises consumption,27981.1
1/1/2017,North Carolina,      Food and beverages purchased for off-premises consumption,28936.1
1/1/2018,North Carolina,      Food and beverages purchased for off-premises consumption,30068.7
1/1/2019,North Carolina,      Food and beverages purchased for off-premises consumption,31271.1
1/1/2004,North Carolina,      Clothing and footwear,7784.9
1/1/2005,North Carolina,      Clothing and footwear,8268.3
1/1/2006,North Carolina,      Clothing and footwear,8590.9
1/1/2007,North Carolina,      Clothing and footwear,8866.9
1/1/2008,North Carolina,      Clothing and footwear,8593.9
1/1/2009,North Carolina,      Clothing and footwear,8329.2
1/1/2010,North Carolina,      Clothing and footwear,8663
1/1/2011,North Carolina,      Clothing and footwear,8936.1
1/1/2012,North Carolina,      Clothing and footwear,9175.4
1/1/2013,North Carolina,      Clothing and footwear,9483
1/1/2014,North Carolina,      Clothing and footwear,9805.4
1/1/2015,North Carolina,      Clothing and footwear,10065.3
1/1/2016,North Carolina,      Clothing and footwear,10440.9
1/1/2017,North Carolina,      Clothing and footwear,10431.9
1/1/2018,North Carolina,      Clothing and footwear,10850.4
1/1/2019,North Carolina,      Clothing and footwear,11380.2
1/1/2004,North Carolina,      Gasoline and other energy goods,7476.6
1/1/2005,North Carolina,      Gasoline and other energy goods,9023.7
1/1/2006,North Carolina,      Gasoline and other energy goods,10310.2
1/1/2007,North Carolina,      Gasoline and other energy goods,10815.7
1/1/2008,North Carolina,      Gasoline and other energy goods,12296.1
1/1/2009,North Carolina,      Gasoline and other energy goods,9093.4
1/1/2010,North Carolina,      Gasoline and other energy goods,10889.1
1/1/2011,North Carolina,      Gasoline and other energy goods,13166
1/1/2012,North Carolina,      Gasoline and other energy goods,13534
1/1/2013,North Carolina,      Gasoline and other energy goods,13327.8
1/1/2014,North Carolina,      Gasoline and other energy goods,12753.5
1/1/2015,North Carolina,      Gasoline and other energy goods,9444.6
1/1/2016,North Carolina,      Gasoline and other energy goods,8500.2
1/1/2017,North Carolina,      Gasoline and other energy goods,9574.6
1/1/2018,North Carolina,      Gasoline and other energy goods,11061.3
1/1/2019,North Carolina,      Gasoline and other energy goods,10628
1/1/2004,North Carolina,      Other nondurable goods,18754.9
1/1/2005,North Carolina,      Other nondurable goods,19854.4
1/1/2006,North Carolina,      Other nondurable goods,21250.2
1/1/2007,North Carolina,      Other nondurable goods,22292.2
1/1/2008,North Carolina,      Other nondurable goods,23061.3
1/1/2009,North Carolina,      Other nondurable goods,23881.4
1/1/2010,North Carolina,      Other nondurable goods,24938.4
1/1/2011,North Carolina,      Other nondurable goods,25793.8
1/1/2012,North Carolina,      Other nondurable goods,27088.5
1/1/2013,North Carolina,      Other nondurable goods,28441.5
1/1/2014,North Carolina,      Other nondurable goods,30173.3
1/1/2015,North Carolina,      Other nondurable goods,32363.6
1/1/2016,North Carolina,      Other nondurable goods,33688.5
1/1/2017,North Carolina,      Other nondurable goods,34839.7
1/1/2018,North Carolina,      Other nondurable goods,36137.8
1/1/2019,North Carolina,      Other nondurable goods,38198.8
1/1/2004,North Carolina,  Services,122773.9
1/1/2005,North Carolina,  Services,131628.7
1/1/2006,North Carolina,  Services,140899.8
1/1/2007,North Carolina,  Services,150424.1
1/1/2008,North Carolina,  Services,157235.8
1/1/2009,North Carolina,  Services,160662
1/1/2010,North Carolina,  Services,165857
1/1/2011,North Carolina,  Services,171713.3
1/1/2012,North Carolina,  Services,177687.1
1/1/2013,North Carolina,  Services,183472.3
1/1/2014,North Carolina,  Services,191015.2
1/1/2015,North Carolina,  Services,202195.8
1/1/2016,North Carolina,  Services,213756.4
1/1/2017,North Carolina,  Services,225700.1
1/1/2018,North Carolina,  Services,239081.7
1/1/2019,North Carolina,  Services,250769
1/1/2004,North Carolina,    Household consumption expenditures (for services),122438.8
1/1/2005,North Carolina,    Household consumption expenditures (for services),131318.7
1/1/2006,North Carolina,    Household consumption expenditures (for services),140180.7
1/1/2007,North Carolina,    Household consumption expenditures (for services),149649.1
1/1/2008,North Carolina,    Household consumption expenditures (for services),155854.7
1/1/2009,North Carolina,    Household consumption expenditures (for services),159554.9
1/1/2010,North Carolina,    Household consumption expenditures (for services),164954
1/1/2011,North Carolina,    Household consumption expenditures (for services),170677.2
1/1/2012,North Carolina,    Household consumption expenditures (for services),176473.3
1/1/2013,North Carolina,    Household consumption expenditures (for services),182152.7
1/1/2014,North Carolina,    Household consumption expenditures (for services),189622.9
1/1/2015,North Carolina,    Household consumption expenditures (for services),200849.6
1/1/2016,North Carolina,    Household consumption expenditures (for services),212359
1/1/2017,North Carolina,    Household consumption expenditures (for services),224283.3
1/1/2018,North Carolina,    Household consumption expenditures (for services),237279.1
1/1/2019,North Carolina,    Household consumption expenditures (for services),249075
1/1/2004,North Carolina,      Housing and utilities,34104.2
1/1/2005,North Carolina,      Housing and utilities,36842.3
1/1/2006,North Carolina,      Housing and utilities,38974
1/1/2007,North Carolina,      Housing and utilities,41117.1
1/1/2008,North Carolina,      Housing and utilities,42788.2
1/1/2009,North Carolina,      Housing and utilities,44454
1/1/2010,North Carolina,      Housing and utilities,45897.4
1/1/2011,North Carolina,      Housing and utilities,46944.5
1/1/2012,North Carolina,      Housing and utilities,48408.3
1/1/2013,North Carolina,      Housing and utilities,50157.1
1/1/2014,North Carolina,      Housing and utilities,52767.5
1/1/2015,North Carolina,      Housing and utilities,55748.2
1/1/2016,North Carolina,      Housing and utilities,58892.4
1/1/2017,North Carolina,      Housing and utilities,61419.9
1/1/2018,North Carolina,      Housing and utilities,64858.3
1/1/2019,North Carolina,      Housing and utilities,68029.8
1/1/2004,North Carolina,      Health care,34181.7
1/1/2005,North Carolina,      Health care,36400.9
1/1/2006,North Carolina,      Health care,38710.4
1/1/2007,North Carolina,      Health care,40806.1
1/1/2008,North Carolina,      Health care,42848.4
1/1/2009,North Carolina,      Health care,45622.2
1/1/2010,North Carolina,      Health care,47009.6
1/1/2011,North Carolina,      Health care,48879.8
1/1/2012,North Carolina,      Health care,51272.5
1/1/2013,North Carolina,      Health care,52233.9
1/1/2014,North Carolina,      Health care,53379.3
1/1/2015,North Carolina,      Health care,56181.8
1/1/2016,North Carolina,      Health care,59621.4
1/1/2017,North Carolina,      Health care,63935.9
1/1/2018,North Carolina,      Health care,67761.3
1/1/2019,North Carolina,      Health care,71475.8
1/1/2004,North Carolina,      Transportation services,4646.3
1/1/2005,North Carolina,      Transportation services,4907.8
1/1/2006,North Carolina,      Transportation services,5146.1
1/1/2007,North Carolina,      Transportation services,5434.5
1/1/2008,North Carolina,      Transportation services,5396.7
1/1/2009,North Carolina,      Transportation services,5116
1/1/2010,North Carolina,      Transportation services,5305.3
1/1/2011,North Carolina,      Transportation services,5726.2
1/1/2012,North Carolina,      Transportation services,5890.6
1/1/2013,North Carolina,      Transportation services,6322.3
1/1/2014,North Carolina,      Transportation services,6715.1
1/1/2015,North Carolina,      Transportation services,7260.9
1/1/2016,North Carolina,      Transportation services,7828.6
1/1/2017,North Carolina,      Transportation services,8126.7
1/1/2018,North Carolina,      Transportation services,8645.8
1/1/2019,North Carolina,      Transportation services,9000
1/1/2004,North Carolina,      Recreation services,6756.7
1/1/2005,North Carolina,      Recreation services,7214
1/1/2006,North Carolina,      Recreation services,7910.3
1/1/2007,North Carolina,      Recreation services,8780.9
1/1/2008,North Carolina,      Recreation services,9319.1
1/1/2009,North Carolina,      Recreation services,9603
1/1/2010,North Carolina,      Recreation services,10006.2
1/1/2011,North Carolina,      Recreation services,10229.1
1/1/2012,North Carolina,      Recreation services,10867.5
1/1/2013,North Carolina,      Recreation services,11162.2
1/1/2014,North Carolina,      Recreation services,11473.8
1/1/2015,North Carolina,      Recreation services,12218.8
1/1/2016,North Carolina,      Recreation services,12997.8
1/1/2017,North Carolina,      Recreation services,13460.4
1/1/2018,North Carolina,      Recreation services,14317.5
1/1/2019,North Carolina,      Recreation services,14876.1
1/1/2004,North Carolina,      Food services and accommodations,13361
1/1/2005,North Carolina,      Food services and accommodations,14403.7
1/1/2006,North Carolina,      Food services and accommodations,15618.3
1/1/2007,North Carolina,      Food services and accommodations,16881
1/1/2008,North Carolina,      Food services and accommodations,17392.7
1/1/2009,North Carolina,      Food services and accommodations,17289.7
1/1/2010,North Carolina,      Food services and accommodations,17977.3
1/1/2011,North Carolina,      Food services and accommodations,18637.1
1/1/2012,North Carolina,      Food services and accommodations,19592.8
1/1/2013,North Carolina,      Food services and accommodations,20610.4
1/1/2014,North Carolina,      Food services and accommodations,21733.3
1/1/2015,North Carolina,      Food services and accommodations,23257.3
1/1/2016,North Carolina,      Food services and accommodations,24597.9
1/1/2017,North Carolina,      Food services and accommodations,25689.5
1/1/2018,North Carolina,      Food services and accommodations,26946.7
1/1/2019,North Carolina,      Food services and accommodations,28158.8
1/1/2004,North Carolina,      Financial services and insurance,14380.4
1/1/2005,North Carolina,      Financial services and insurance,15645.3
1/1/2006,North Carolina,      Financial services and insurance,16532.2
1/1/2007,North Carolina,      Financial services and insurance,17774
1/1/2008,North Carolina,      Financial services and insurance,18209.6
1/1/2009,North Carolina,      Financial services and insurance,17422.9
1/1/2010,North Carolina,      Financial services and insurance,18124.5
1/1/2011,North Carolina,      Financial services and insurance,18720
1/1/2012,North Carolina,      Financial services and insurance,18744.7
1/1/2013,North Carolina,      Financial services and insurance,19457.4
1/1/2014,North Carolina,      Financial services and insurance,20261.3
1/1/2015,North Carolina,      Financial services and insurance,21748.3
1/1/2016,North Carolina,      Financial services and insurance,22559.6
1/1/2017,North Carolina,      Financial services and insurance,24378.2
1/1/2018,North Carolina,      Financial services and insurance,25790.4
1/1/2019,North Carolina,      Financial services and insurance,27403.6
1/1/2004,North Carolina,      Other services,15008.6
1/1/2005,North Carolina,      Other services,15904.6
1/1/2006,North Carolina,      Other services,17289.3
1/1/2007,North Carolina,      Other services,18855.6
1/1/2008,North Carolina,      Other services,19900
1/1/2009,North Carolina,      Other services,20047.1
1/1/2010,North Carolina,      Other services,20633.8
1/1/2011,North Carolina,      Other services,21540.5
1/1/2012,North Carolina,      Other services,21696.9
1/1/2013,North Carolina,      Other services,22209.4
1/1/2014,North Carolina,      Other services,23292.5
1/1/2015,North Carolina,      Other services,24434.3
1/1/2016,North Carolina,      Other services,25861.3
1/1/2017,North Carolina,      Other services,27272.7
1/1/2018,North Carolina,      Other services,28959.2
1/1/2019,North Carolina,      Other services,30130.9
1/1/2004,North Carolina,    Final consumption expenditures of nonprofit institutions serving households (NPISHs),335.1
1/1/2005,North Carolina,    Final consumption expenditures of nonprofit institutions serving households (NPISHs),310.1
1/1/2006,North Carolina,    Final consumption expenditures of nonprofit institutions serving households (NPISHs),719.1
1/1/2007,North Carolina,    Final consumption expenditures of nonprofit institutions serving households (NPISHs),775
1/1/2008,North Carolina,    Final consumption expenditures of nonprofit institutions serving households (NPISHs),1381
1/1/2009,North Carolina,    Final consumption expenditures of nonprofit institutions serving households (NPISHs),1107.2
1/1/2010,North Carolina,    Final consumption expenditures of nonprofit institutions serving households (NPISHs),903
1/1/2011,North Carolina,    Final consumption expenditures of nonprofit institutions serving households (NPISHs),1036.1
1/1/2012,North Carolina,    Final consumption expenditures of nonprofit institutions serving households (NPISHs),1213.9
1/1/2013,North Carolina,    Final consumption expenditures of nonprofit institutions serving households (NPISHs),1319.5
1/1/2014,North Carolina,    Final consumption expenditures of nonprofit institutions serving households (NPISHs),1392.3
1/1/2015,North Carolina,    Final consumption expenditures of nonprofit institutions serving households (NPISHs),1346.1
1/1/2016,North Carolina,    Final consumption expenditures of nonprofit institutions serving households (NPISHs),1397.4
1/1/2017,North Carolina,    Final consumption expenditures of nonprofit institutions serving households (NPISHs),1416.8
1/1/2018,North Carolina,    Final consumption expenditures of nonprofit institutions serving households (NPISHs),1802.6
1/1/2019,North Carolina,    Final consumption expenditures of nonprofit institutions serving households (NPISHs),1694
1/1/2004,North Carolina,      Gross output of nonprofit institutions,14671
1/1/2005,North Carolina,      Gross output of nonprofit institutions,15865
1/1/2006,North Carolina,      Gross output of nonprofit institutions,17543
1/1/2007,North Carolina,      Gross output of nonprofit institutions,18826
1/1/2008,North Carolina,      Gross output of nonprofit institutions,19950.6
1/1/2009,North Carolina,      Gross output of nonprofit institutions,20693
1/1/2010,North Carolina,      Gross output of nonprofit institutions,21162.8
1/1/2011,North Carolina,      Gross output of nonprofit institutions,21751.5
1/1/2012,North Carolina,      Gross output of nonprofit institutions,22485.3
1/1/2013,North Carolina,      Gross output of nonprofit institutions,23204.6
1/1/2014,North Carolina,      Gross output of nonprofit institutions,24226
1/1/2015,North Carolina,      Gross output of nonprofit institutions,25472.1
1/1/2016,North Carolina,      Gross output of nonprofit institutions,27246.7
1/1/2017,North Carolina,      Gross output of nonprofit institutions,29726.8
1/1/2018,North Carolina,      Gross output of nonprofit institutions,31612.2
1/1/2019,North Carolina,      Gross output of nonprofit institutions,33296.1
1/1/2004,North Carolina,      Less: Receipts from sales of goods and services by nonprofit institutions,14336
1/1/2005,North Carolina,      Less: Receipts from sales of goods and services by nonprofit institutions,15555
1/1/2006,North Carolina,      Less: Receipts from sales of goods and services by nonprofit institutions,16823.9
1/1/2007,North Carolina,      Less: Receipts from sales of goods and services by nonprofit institutions,18051.1
1/1/2008,North Carolina,      Less: Receipts from sales of goods and services by nonprofit institutions,18569.6
1/1/2009,North Carolina,      Less: Receipts from sales of goods and services by nonprofit institutions,19585.8
1/1/2010,North Carolina,      Less: Receipts from sales of goods and services by nonprofit institutions,20259.8
1/1/2011,North Carolina,      Less: Receipts from sales of goods and services by nonprofit institutions,20715.3
1/1/2012,North Carolina,      Less: Receipts from sales of goods and services by nonprofit institutions,21271.4
1/1/2013,North Carolina,      Less: Receipts from sales of goods and services by nonprofit institutions,21885.1
1/1/2014,North Carolina,      Less: Receipts from sales of goods and services by nonprofit institutions,22833.7
1/1/2015,North Carolina,      Less: Receipts from sales of goods and services by nonprofit institutions,24125.9
1/1/2016,North Carolina,      Less: Receipts from sales of goods and services by nonprofit institutions,25849.3
1/1/2017,North Carolina,      Less: Receipts from sales of goods and services by nonprofit institutions,28310
1/1/2018,North Carolina,      Less: Receipts from sales of goods and services by nonprofit institutions,29809.5
1/1/2019,North Carolina,      Less: Receipts from sales of goods and services by nonprofit institutions,31602.1
